log_time,Heart_Rate_BPM
2026-05-02 21:13:54,70.76719576719577
2026-05-02 21:13:55,73.69563987211046
2026-05-02 21:13:56,75.1386413151119
2026-05-02 21:13:57,76.02895470542529
2026-05-02 21:13:58,76.31801381801381
2026-05-02 21:13:59,73.28771078771078
2026-05-02 21:14:00,69.82538093649204
2026-05-02 21:14:01,66.05416786295339
2026-05-02 21:14:02,64.66527897406449
2026-05-02 21:14:03,66.0189718482252
2026-05-02 21:14:04,65.91130604288497
2026-05-02 21:14:05,64.68581584680655
2026-05-02 21:14:06,65.07741985683161
2026-05-02 21:14:07,66.3195156111225
2026-05-02 21:14:08,69.64745229038135
2026-05-02 21:14:09,69.16008485432396
2026-05-02 21:14:10,68.92443032386561
2026-05-02 21:14:11,70.37889440979087
2026-05-02 21:14:12,68.30767912422206
2026-05-02 21:14:13,65.89222018702401
2026-05-02 21:14:14,64.12641067372525
2026-05-02 21:14:15,65.55000550188898
2026-05-02 21:14:16,67.8493366055679
2026-05-02 21:14:17,64.30887168207649
2026-05-02 21:14:18,61.84902276441001
2026-05-02 21:14:19,60.64161145425898
2026-05-02 21:14:20,62.39097532194346
2026-05-02 21:14:21,62.74835302729268
2026-05-02 21:14:22,59.602342169060925
2026-05-02 21:14:23,57.219193337572605
2026-05-02 21:14:24,59.96928500729493
2026-05-02 21:14:25,59.15217016551807
2026-05-02 21:14:26,61.11014892897918
2026-05-02 21:14:27,60.73531526141916
2026-05-02 21:14:28,60.11556591559903
2026-05-02 21:14:29,58.93817188106213
2026-05-02 21:14:30,57.88710767855711
2026-05-02 21:14:31,58.2262930908709
2026-05-02 21:14:32,60.18196453806776
2026-05-02 21:14:33,59.935091595342286
2026-05-02 21:14:34,63.569953222768966
2026-05-02 21:14:35,65.42498719918075
2026-05-02 21:14:36,66.27210023794464
2026-05-02 21:14:37,66.47140267939955
2026-05-02 21:14:38,69.74571749870587
2026-05-02 21:14:39,74.64404988865667
2026-05-02 21:14:40,71.83036836223444
2026-05-02 21:14:41,67.25370932333284
2026-05-02 21:14:42,61.838776850726035
2026-05-02 21:14:43,60.68111821531615
2026-05-02 21:14:44,60.12842845849964
2026-05-02 21:14:45,59.01647014105143
2026-05-02 21:14:46,62.49611020060992
2026-05-02 21:14:47,65.00635198709878
2026-05-02 21:14:48,66.99402839337985
2026-05-02 21:14:49,66.99402839337985
2026-05-02 21:14:50,64.66486729644623
2026-05-02 21:14:51,61.54552111140662
2026-05-02 21:14:52,58.483621078305006
2026-05-02 21:14:53,58.03660180283384
2026-05-02 21:14:54,60.44958364514548
2026-05-02 21:14:55,65.3911829263674
2026-05-02 21:14:56,61.59396850555007
2026-05-02 21:14:57,57.71133497068956
2026-05-02 21:14:58,52.149986343647505
2026-05-02 21:14:59,52.57055832153745
2026-05-02 21:15:00,56.200198096910675
2026-05-02 21:15:01,61.648705378883896
2026-05-02 21:15:02,64.76600275455448
2026-05-02 21:15:03,65.72536085676973
2026-05-02 21:15:04,62.35388164434728
2026-05-02 21:15:05,58.194374784570385
2026-05-02 21:15:06,56.05762264781825
2026-05-02 21:15:07,55.495265245588094
2026-05-02 21:15:08,58.2986343855909
2026-05-02 21:15:09,60.52709262263283
2026-05-02 21:15:10,59.632171301132345
2026-05-02 21:15:11,60.81895527480156
2026-05-02 21:15:12,63.39818934545194
2026-05-02 21:15:13,67.78607877063843
2026-05-02 21:15:14,70.76845389570578
2026-05-02 21:15:15,73.1850188122707
2026-05-02 21:15:16,71.20580060346317
2026-05-02 21:15:17,68.82866861320942
2026-05-02 21:15:18,67.75435281808143
2026-05-02 21:15:19,69.51923172777846
2026-05-02 21:15:20,71.04661970341664
2026-05-02 21:15:21,71.98169851720236
2026-05-02 21:15:22,75.11823433402867
2026-05-02 21:15:23,74.32786108025957
2026-05-02 21:15:24,72.0505331450369
2026-05-02 21:15:25,72.61049058827122
2026-05-02 21:15:26,77.80345647992706
2026-05-02 21:15:27,80.50296285590403
2026-05-02 21:15:28,77.91958431344621
2026-05-02 21:15:29,78.36508475894665
2026-05-02 21:15:30,78.36508475894665
2026-05-02 21:15:31,77.35864353511411
2026-05-02 21:15:32,73.36029446634252
2026-05-02 21:15:33,72.00303721180249
2026-05-02 21:15:34,72.66441287317815
2026-05-02 21:15:35,70.02356780275562
2026-05-02 21:15:36,67.68433179723502
2026-05-02 21:15:37,67.45971364808858
2026-05-02 21:15:38,68.65281203281691
2026-05-02 21:15:39,67.83355960066126
2026-05-02 21:15:40,69.2486539402839
2026-05-02 21:15:41,68.86724386724387
2026-05-02 21:15:42,65.51294617332353
2026-05-02 21:15:43,61.88046754084489
2026-05-02 21:15:44,61.60296726334461
2026-05-02 21:15:45,62.11488769628304
2026-05-02 21:15:46,62.48649676354428
2026-05-02 21:15:47,64.05475521253668
2026-05-02 21:15:48,67.40218297856909
2026-05-02 21:15:49,70.41552779131123
2026-05-02 21:15:50,73.79553744848168
2026-05-02 21:15:51,74.32407867469733
2026-05-02 21:15:52,67.8866217421909
2026-05-02 21:15:53,61.65115355364725
2026-05-02 21:15:54,56.913858118677396
2026-05-02 21:15:55,58.51915852875868
2026-05-02 21:15:56,60.08385888863976
2026-05-02 21:15:57,60.291932130420875
2026-05-02 21:15:58,62.01663505034291
2026-05-02 21:15:59,61.9233375432523
2026-05-02 21:16:00,61.378563964770855
2026-05-02 21:16:01,58.183726821594234
2026-05-02 21:16:02,59.256437072803465
2026-05-02 21:16:03,63.19851269629502
2026-05-02 21:16:04,65.75673155579454
2026-05-02 21:16:05,66.60647557041014
2026-05-02 21:16:06,65.40308385715062
2026-05-02 21:16:07,62.70969881082439
2026-05-02 21:16:08,61.45774262929074
2026-05-02 21:16:09,58.45838749064555
2026-05-02 21:16:10,58.66188769414576
2026-05-02 21:16:11,58.56355927723327
2026-05-02 21:16:12,62.194136461759285
2026-05-02 21:16:13,65.7995117485505
2026-05-02 21:16:14,68.30615981516195
2026-05-02 21:16:15,71.14467957966994
2026-05-02 21:16:16,72.60569143473757
2026-05-02 21:16:17,72.72762481034113
2026-05-02 21:16:18,69.98240255292376
2026-05-02 21:16:19,69.87167529630227
2026-05-02 21:16:20,70.89239592506618
2026-05-02 21:16:21,71.5688028514731
2026-05-02 21:16:22,67.47446940895753
2026-05-02 21:16:23,64.74274818704676
2026-05-02 21:16:24,65.46279426999607
2026-05-02 21:16:25,69.89247311827958
2026-05-02 21:16:26,73.30602491892814
2026-05-02 21:16:27,75.26455026455027
2026-05-02 21:16:28,76.70755170755172
2026-05-02 21:16:29,76.15926100382059
2026-05-02 21:16:30,73.88653373109331
2026-05-02 21:16:31,73.50963036911531
2026-05-02 21:16:32,71.64135615628152
2026-05-02 21:16:33,67.57079984691924
2026-05-02 21:16:34,61.01019627139029
2026-05-02 21:16:35,58.248330477609606
2026-05-02 21:16:36,61.91304263112773
2026-05-02 21:16:37,66.96251029741782
2026-05-02 21:16:38,71.72758121940365
2026-05-02 21:16:39,75.72194212165928
2026-05-02 21:16:40,78.53546661155507
2026-05-02 21:16:41,69.55864636127065
2026-05-02 21:16:42,62.54787619260574
2026-05-02 21:16:43,57.55630639936766
2026-05-02 21:16:44,59.87130494422571
2026-05-02 21:16:45,61.663332052708526
2026-05-02 21:16:46,62.40671593614593
2026-05-02 21:16:47,63.51867425359414
2026-05-02 21:16:48,65.46310249446991
2026-05-02 21:16:49,63.613599218206964
2026-05-02 21:16:50,63.69792762676124
2026-05-02 21:16:51,63.38372569965608
2026-05-02 21:16:52,63.87953610175832
2026-05-02 21:16:53,64.85512855244656
2026-05-02 21:16:54,67.12785582517384
2026-05-02 21:16:55,68.5781558559927
2026-05-02 21:16:56,68.67145336308332
2026-05-02 21:16:57,69.18165744471597
2026-05-02 21:16:58,71.19368726511583
2026-05-02 21:16:59,69.95682888540031
2026-05-02 21:17:00,66.96914732629018
2026-05-02 21:17:01,64.5757074328503
2026-05-02 21:17:02,65.90667460232677
2026-05-02 21:17:03,67.77439598224328
2026-05-02 21:17:04,70.40121899741581
2026-05-02 21:17:05,71.91790251612156
2026-05-02 21:17:06,72.4032805042298
2026-05-02 21:17:07,72.16989738249717
2026-05-02 21:17:08,71.43660595153132
2026-05-02 21:17:09,71.94169472088254
2026-05-02 21:17:10,72.29347708486003
2026-05-02 21:17:11,72.29347708486003
2026-05-02 21:17:12,71.42257034653016
2026-05-02 21:17:13,72.67335208511679
2026-05-02 21:17:14,71.88995999737688
2026-05-02 21:17:15,69.0251777208299
2026-05-02 21:17:16,68.8943561614369
2026-05-02 21:17:17,71.54546962909332
2026-05-02 21:17:18,75.94211465073835
2026-05-02 21:17:19,74.24143437862949
2026-05-02 21:17:20,76.44693515704154
2026-05-02 21:17:21,71.32577058242508
2026-05-02 21:17:22,68.26313473970625
2026-05-02 21:17:23,67.04810071875366
2026-05-02 21:17:24,68.75203301584372
2026-05-02 21:17:25,71.36963103034715
2026-05-02 21:17:26,71.24144562297394
2026-05-02 21:17:27,73.61701123383367
2026-05-02 21:17:28,69.33649471817411
2026-05-02 21:17:29,64.40917271768137
2026-05-02 21:17:30,61.14830315246398
2026-05-02 21:17:31,61.672176824070036
2026-05-02 21:17:32,62.62356931671836
2026-05-02 21:17:33,64.14025283542412
2026-05-02 21:17:34,65.36574303150255
2026-05-02 21:17:35,64.25043760940234
2026-05-02 21:17:36,60.757469505716344
2026-05-02 21:17:37,58.58085259029346
2026-05-02 21:17:38,59.69615801239366
2026-05-02 21:17:39,60.258515414623815
2026-05-02 21:17:40,61.68212028185393
2026-05-02 21:17:41,61.682120281853926
2026-05-02 21:17:42,59.87543554833992
2026-05-02 21:17:43,58.734508202593304
2026-05-02 21:17:44,59.00963659584349
2026-05-02 21:17:45,60.65240839990561
2026-05-02 21:17:46,63.35803610553332
2026-05-02 21:17:47,65.72975694367884
2026-05-02 21:17:48,64.15582721589374
2026-05-02 21:17:49,61.74157480164132
2026-05-02 21:17:50,58.651463158898096
2026-05-02 21:17:51,60.22539288668321
2026-05-02 21:17:52,63.02105537397565
2026-05-02 21:17:53,61.27169150629116
2026-05-02 21:17:54,61.3533161634676
2026-05-02 21:17:55,59.4072057305465
2026-05-02 21:17:56,59.334643109004105
2026-05-02 21:17:57,60.550955597058184
2026-05-02 21:17:58,61.13179133671101
2026-05-02 21:17:59,62.696516179847336
2026-05-02 21:18:00,64.17306852854995
2026-05-02 21:18:01,63.274757353558925
2026-05-02 21:18:02,61.01364398133445
2026-05-02 21:18:03,60.00768872622419
2026-05-02 21:18:04,59.77609287642182
2026-05-02 21:18:05,62.0372062486463
2026-05-02 21:18:06,63.581560090998664
2026-05-02 21:18:07,66.27253231322089
2026-05-02 21:18:08,66.02160387801061
2026-05-02 21:18:09,64.0066529420659
2026-05-02 21:18:10,60.511022480143296
2026-05-02 21:18:11,58.773179822906314
2026-05-02 21:18:12,56.76920527338309
2026-05-02 21:18:13,60.873663741393976
2026-05-02 21:18:14,69.31333017362547
2026-05-02 21:18:15,78.4295058267661
2026-05-02 21:18:16,83.37623337623337
2026-05-02 21:18:17,74.39974786545183
2026-05-02 21:18:18,68.86979394840114
2026-05-02 21:18:19,64.56619457437924
2026-05-02 21:18:20,68.73787528035598
2026-05-02 21:18:21,68.84454877412624
2026-05-02 21:18:22,71.54838084157456
2026-05-02 21:18:23,73.24960359542888
2026-05-02 21:18:24,71.74647709230238
2026-05-02 21:18:25,68.82428057458657
2026-05-02 21:18:26,65.82133769056023
2026-05-02 21:18:27,64.41923102529566
2026-05-02 21:18:28,61.65522035049581
2026-05-02 21:18:29,61.74312161979014
2026-05-02 21:18:30,65.19688910448804
2026-05-02 21:18:31,69.83071396650303
2026-05-02 21:18:32,74.20302126505698
2026-05-02 21:18:33,75.25881404812674
2026-05-02 21:18:34,74.7637277793444
2026-05-02 21:18:35,70.65961286412679
2026-05-02 21:18:36,65.59217698668077
2026-05-02 21:18:37,60.80290495602942
2026-05-02 21:18:38,57.708127393166755
2026-05-02 21:18:39,56.40544096426449
2026-05-02 21:18:40,56.24921049307339
2026-05-02 21:18:41,57.59864231125521
2026-05-02 21:18:42,61.94356209735146
2026-05-02 21:18:43,63.62604409479408
2026-05-02 21:18:44,64.01511281989369
2026-05-02 21:18:45,65.3263016310825
2026-05-02 21:18:46,69.86551601485647
2026-05-02 21:18:47,72.6724700170296
2026-05-02 21:18:48,68.7952988011487
2026-05-02 21:18:49,67.51910492177456
2026-05-02 21:18:50,67.7276120110156
2026-05-02 21:18:51,68.14245337567775
2026-05-02 21:18:52,65.0636356416876
2026-05-02 21:18:53,65.38366977866221
2026-05-02 21:18:54,64.1125573964387
2026-05-02 21:18:55,63.747273936473775
2026-05-02 21:18:56,64.30098379250921
2026-05-02 21:18:57,68.14411263563807
2026-05-02 21:18:58,71.83329384821921
2026-05-02 21:18:59,74.61951471954646
2026-05-02 21:19:00,75.98117049296695
2026-05-02 21:19:01,77.4213380761039
2026-05-02 21:19:02,71.40172508249563
2026-05-02 21:19:03,65.61851292122662
2026-05-02 21:19:04,58.98776281762116
2026-05-02 21:19:05,58.49195241551893
2026-05-02 21:19:06,59.296610655219304
2026-05-02 21:19:07,60.103374563829085
2026-05-02 21:19:08,63.60795893906588
2026-05-02 21:19:09,66.8039816663386
2026-05-02 21:19:10,68.73370305132721
2026-05-02 21:19:11,70.27442553165336
2026-05-02 21:19:12,68.38048613771397
2026-05-02 21:19:13,67.98539319209851
2026-05-02 21:19:14,65.90123970577288
2026-05-02 21:19:15,64.83075222224193
2026-05-02 21:19:16,64.17184187170162
2026-05-02 21:19:17,65.40221187751791
2026-05-02 21:19:18,69.3360484921705
2026-05-02 21:19:19,71.8919721007257
2026-05-02 21:19:20,73.93591691421574
2026-05-02 21:19:21,72.16905901116426
2026-05-02 21:19:22,69.89063568010936
2026-05-02 21:19:23,67.04902461018102
2026-05-02 21:19:24,64.20316951442636
2026-05-02 21:19:25,62.399417710674555
2026-05-02 21:19:26,60.951671024980364
2026-05-02 21:19:27,63.41942569726254
2026-05-02 21:19:28,66.61963051037058
2026-05-02 21:19:29,69.71882693301244
2026-05-02 21:19:30,68.91399076188637
2026-05-02 21:19:31,68.80829592402225
2026-05-02 21:19:32,69.19287186495139
2026-05-02 21:19:33,69.90521136595757
2026-05-02 21:19:34,67.13072187202445
2026-05-02 21:19:35,65.20542345076916
2026-05-02 21:19:36,65.02279172763885
2026-05-02 21:19:37,65.7820034971084
2026-05-02 21:19:38,65.56158381803947
2026-05-02 21:19:39,69.6656987332571
2026-05-02 21:19:40,69.49208460801187
2026-05-02 21:19:41,65.13900547080992
2026-05-02 21:19:42,62.28081733343396
2026-05-02 21:19:43,60.76469859739821
2026-05-02 21:19:44,62.41444877808514
2026-05-02 21:19:45,64.28217015800165
2026-05-02 21:19:46,65.7982888940374
2026-05-02 21:19:47,64.22110133489285
2026-05-02 21:19:48,62.66190766076433
2026-05-02 21:19:49,60.782944222261236
2026-05-02 21:19:50,60.856062879217745
2026-05-02 21:19:51,59.76414308568985
2026-05-02 21:19:52,59.34640305923298
2026-05-02 21:19:53,59.05723946492951
2026-05-02 21:19:54,58.59470477482775
2026-05-02 21:19:55,60.224841558123295
2026-05-02 21:19:56,62.365320391165945
2026-05-02 21:19:57,64.13019930086298
2026-05-02 21:19:58,64.37508126775494
2026-05-02 21:19:59,62.6716972114297
2026-05-02 21:20:00,61.56004711845533
2026-05-02 21:20:01,60.24625071052927
2026-05-02 21:20:02,60.24625071052927
2026-05-02 21:20:03,61.68091213043418
2026-05-02 21:20:04,63.50283861966105
2026-05-02 21:20:05,63.96066516444411
2026-05-02 21:20:06,63.01770384681283
2026-05-02 21:20:07,61.34145863608485
2026-05-02 21:20:08,61.903816038315014
2026-05-02 21:20:09,62.0048138971604
2026-05-02 21:20:10,65.47216016369532
2026-05-02 21:20:11,68.73186257204014
2026-05-02 21:20:12,71.98253592580629
2026-05-02 21:20:13,72.6139154901544
2026-05-02 21:20:14,70.58073396770807
2026-05-02 21:20:15,69.68315998196667
2026-05-02 21:20:16,69.7918320097867
2026-05-02 21:20:17,69.88512951687731
2026-05-02 21:20:18,68.9329526024066
2026-05-02 21:20:19,66.93598798861956
2026-05-02 21:20:20,68.65545232490632
2026-05-02 21:20:21,69.48448259635452
2026-05-02 21:20:22,70.43838980026173
2026-05-02 21:20:23,72.07390381895331
2026-05-02 21:20:24,71.8312324929972
2026-05-02 21:20:25,70.96903138937978
2026-05-02 21:20:26,72.14704186058397
2026-05-02 21:20:27,71.2221435993927
2026-05-02 21:20:28,73.45959859603653
2026-05-02 21:20:29,73.18832387612767
2026-05-02 21:20:30,72.85923216923868
2026-05-02 21:20:31,71.68507222730622
2026-05-02 21:20:32,68.81981113038877
2026-05-02 21:20:33,71.20502281792605
2026-05-02 21:20:34,70.90472251762574
2026-05-02 21:20:35,73.5042735042735
2026-05-02 21:20:36,75.18565223483256
2026-05-02 21:20:37,78.736625888899
2026-05-02 21:20:38,78.47631090777183
2026-05-02 21:20:39,71.39682151594423
2026-05-02 21:20:40,68.87943959314393
2026-05-02 21:20:41,69.54039559991212
2026-05-02 21:20:42,70.75670808796619
2026-05-02 21:20:43,67.34216397574765
2026-05-02 21:20:44,63.52271953130322
2026-05-02 21:20:45,66.69403393541324
2026-05-02 21:20:46,69.78854391065717
2026-05-02 21:20:47,71.26300415288992
2026-05-02 21:20:48,73.37043019540724
2026-05-02 21:20:49,74.9444543004621
2026-05-02 21:20:50,76.50029708853239
2026-05-02 21:20:51,75.01485442661914
2026-05-02 21:20:52,76.82083997873471
2026-05-02 21:20:53,77.88410419989367
2026-05-02 21:20:54,75.25601333650869
2026-05-02 21:20:55,71.3617485265016
2026-05-02 21:20:56,69.67650092473858
2026-05-02 21:20:57,69.07849825365999
2026-05-02 21:20:58,69.59275340649661
2026-05-02 21:20:59,70.21473678710069
2026-05-02 21:21:00,72.8188469409602
2026-05-02 21:21:01,73.4679727848238
2026-05-02 21:21:02,72.25390907076007
2026-05-02 21:21:03,72.25390907076007
2026-05-02 21:21:04,70.31402505540436
2026-05-02 21:21:05,68.20538807834633
2026-05-02 21:21:06,68.70047434712866
2026-05-02 21:21:07,68.24189338007312
2026-05-02 21:21:08,67.86379295660065
2026-05-02 21:21:09,67.73816481589714
2026-05-02 21:21:10,68.48154869933454
2026-05-02 21:21:11,69.25125313283208
2026-05-02 21:21:12,69.25125313283208
2026-05-02 21:21:13,70.46957671957671
2026-05-02 21:21:14,72.18660968660969
2026-05-02 21:21:15,73.36462015781387
2026-05-02 21:21:16,72.14629657106923
2026-05-02 21:21:17,69.56706250041884
2026-05-02 21:21:18,66.97395768959203
2026-05-02 21:21:19,66.23057380615461
2026-05-02 21:21:20,67.09277490977203
2026-05-02 21:21:21,67.8981131518337
2026-05-02 21:21:22,66.16692539215553
2026-05-02 21:21:23,63.07626605149619
2026-05-02 21:21:24,62.38270461351214
2026-05-02 21:21:25,65.65472442249693
2026-05-02 21:21:26,70.12063765618268
2026-05-02 21:21:27,72.46562185839437
2026-05-02 21:21:28,72.56939935943214
2026-05-02 21:21:29,70.33194436278832
2026-05-02 21:21:30,70.19701344741699
2026-05-02 21:21:31,70.62177717259486
2026-05-02 21:21:32,70.0830517968339
2026-05-02 21:21:33,67.54080202684699
2026-05-02 21:21:34,65.29339143470315
2026-05-02 21:21:35,65.64948508733379
2026-05-02 21:21:36,66.6752430084644
2026-05-02 21:21:37,66.58734173917009
2026-05-02 21:21:38,66.23124808653944
2026-05-02 21:21:39,65.87946572256195
2026-05-02 21:21:40,66.05601004401386
2026-05-02 21:21:41,67.16193967002532
2026-05-02 21:21:42,67.04692310764034
2026-05-02 21:21:43,67.22647243881907
2026-05-02 21:21:44,68.5645267020658
2026-05-02 21:21:45,69.51670361653652
2026-05-02 21:21:46,73.11572976240294
2026-05-02 21:21:47,74.75124378109452
2026-05-02 21:21:48,68.12379707302901
2026-05-02 21:21:49,64.52477092716259
2026-05-02 21:21:50,58.46416486655654
2026-05-02 21:21:51,60.70779296276331
2026-05-02 21:21:52,62.15846994535518
2026-05-02 21:21:53,65.34296981127098
2026-05-02 21:21:54,67.78694634909621
2026-05-02 21:21:55,70.05967362182349
2026-05-02 21:21:56,71.52068547689112
2026-05-02 21:21:57,73.09470958194598
2026-05-02 21:21:58,71.35052353543435
2026-05-02 21:21:59,68.42677489985039
2026-05-02 21:22:00,68.18881563847593
2026-05-02 21:22:01,64.54084482224246
2026-05-02 21:22:02,62.819081736843
2026-05-02 21:22:03,60.47706163805235
2026-05-02 21:22:04,60.09998773156667
2026-05-02 21:22:05,60.61584671046067
2026-05-02 21:22:06,60.52008328442834
2026-05-02 21:22:07,60.97435342373785
2026-05-02 21:22:08,60.17581692336036
2026-05-02 21:22:09,56.6567741030075
2026-05-02 21:22:10,55.35408767410523
2026-05-02 21:22:11,57.358528280988175
2026-05-02 21:22:12,59.123831251110424
2026-05-02 21:22:13,60.19673122822189
2026-05-02 21:22:14,61.75779642565072
2026-05-02 21:22:15,62.00267839254268
2026-05-02 21:22:16,62.70871579683538
2026-05-02 21:22:17,64.18317603906814
2026-05-02 21:22:18,65.98186659234536
2026-05-02 21:22:19,67.37230040769575
2026-05-02 21:22:20,68.92814319576601
2026-05-02 21:22:21,70.27842779421216
2026-05-02 21:22:22,69.64720574833133
2026-05-02 21:22:23,69.14715574333083
2026-05-02 21:22:24,68.50402756788546
2026-05-02 21:22:25,68.15965716307805
2026-05-02 21:22:26,67.56177128753397
2026-05-02 21:22:27,64.89201138180411
2026-05-02 21:22:28,65.23638178661153
2026-05-02 21:22:29,64.33760636811922
2026-05-02 21:22:30,66.10614060694209
2026-05-02 21:22:31,67.9129112421646
2026-05-02 21:22:32,70.69876395534288
2026-05-02 21:22:33,72.92352876592007
2026-05-02 21:22:34,72.61778070232447
2026-05-02 21:22:35,67.7625547136239
2026-05-02 21:22:36,66.75611348979137
2026-05-02 21:22:37,66.16864996148541
2026-05-02 21:22:38,65.99061264486386
2026-05-02 21:22:39,66.09827845020408
2026-05-02 21:22:40,69.2642173148329
2026-05-02 21:22:41,70.4780361757106
2026-05-02 21:22:42,65.87893864013267
2026-05-02 21:22:43,61.712271973466
2026-05-02 21:22:44,63.64463912322445
2026-05-02 21:22:45,65.73481067211898
2026-05-02 21:22:46,63.62806909908528
2026-05-02 21:22:47,60.75007547178545
2026-05-02 21:22:48,60.75007547178545
2026-05-02 21:22:49,61.708523081564564
2026-05-02 21:22:50,62.26598847225489
2026-05-02 21:22:51,60.74986973621914
2026-05-02 21:22:52,60.14879983178926
2026-05-02 21:22:53,61.04201142369081
2026-05-02 21:22:54,64.64229242123207
2026-05-02 21:22:55,65.80123793534031
2026-05-02 21:22:56,62.52921812635552
2026-05-02 21:22:57,59.77848918318558
2026-05-02 21:22:58,59.696864526009136
2026-05-02 21:22:59,61.700839075532365
2026-05-02 21:23:00,64.66199244476968
2026-05-02 21:23:01,66.33476325756021
2026-05-02 21:23:02,66.33476325756021
2026-05-02 21:23:03,67.80309252475095
2026-05-02 21:23:04,67.24562713406063
2026-05-02 21:23:05,69.48308213070445
2026-05-02 21:23:06,71.42830466416228
2026-05-02 21:23:07,74.54195282192046
2026-05-02 21:23:08,75.59774560499022
2026-05-02 21:23:09,74.65292323159643
2026-05-02 21:23:10,70.75448260784593
2026-05-02 21:23:11,66.92250945237137
2026-05-02 21:23:12,64.99721103111608
2026-05-02 21:23:13,68.31493156195137
2026-05-02 21:23:14,72.77514012979964
2026-05-02 21:23:15,74.06585635996954
2026-05-02 21:23:16,76.16306830174106
2026-05-02 21:23:17,76.16306830174108
2026-05-02 21:23:18,74.65193239250222
2026-05-02 21:23:19,75.20022309623334
2026-05-02 21:23:20,75.99752290753905
2026-05-02 21:23:21,78.01374758612911
2026-05-02 21:23:22,78.44044156121019
2026-05-02 21:23:23,79.14415152011352
2026-05-02 21:23:24,78.88906900091857
2026-05-02 21:23:25,74.73462129808377
2026-05-02 21:23:26,73.23361152787471
2026-05-02 21:23:27,72.73852525909238
2026-05-02 21:23:28,70.01125253181966
2026-05-02 21:23:29,63.64194871602764
2026-05-02 21:23:30,60.6564284891281
2026-05-02 21:23:31,60.899343468885185
2026-05-02 21:23:32,63.255457992300094
2026-05-02 21:23:33,65.19534200765581
2026-05-02 21:23:34,67.67969975517144
2026-05-02 21:23:35,64.96889480556052
2026-05-02 21:23:36,59.902507663701684
2026-05-02 21:23:37,58.09573702847917
2026-05-02 21:23:38,59.60031093314936
2026-05-02 21:23:39,60.46163737587116
2026-05-02 21:23:40,62.16556967296122
2026-05-02 21:23:41,64.83532957869107
2026-05-02 21:23:42,69.8457285198898
2026-05-02 21:23:43,74.84560352301472
2026-05-02 21:23:44,78.61029797555528
2026-05-02 21:23:45,70.83134975417939
2026-05-02 21:23:46,65.04110149728535
2026-05-02 21:23:47,60.56925062174403
2026-05-02 21:23:48,64.87845703273112
2026-05-02 21:23:49,65.77166862463267
2026-05-02 21:23:50,69.4209706956116
2026-05-02 21:23:51,73.50046860356139
2026-05-02 21:23:52,73.09462444771722
2026-05-02 21:23:53,72.70213923132704
2026-05-02 21:23:54,73.60887498262238
2026-05-02 21:23:55,73.80996893371633
2026-05-02 21:23:56,70.26331940918902
2026-05-02 21:23:57,67.50473180604183
2026-05-02 21:23:58,63.77920176472233
2026-05-02 21:23:59,63.87496519075466
2026-05-02 21:24:00,60.807138327747076
2026-05-02 21:24:01,63.74927628132668
2026-05-02 21:24:02,63.845883437984845
2026-05-02 21:24:03,65.88945595815402
2026-05-02 21:24:04,69.53103618326989
2026-05-02 21:24:05,69.82603303663677
2026-05-02 21:24:06,69.82603303663677
2026-05-02 21:24:07,69.69784762926355
2026-05-02 21:24:08,69.02144070285664
2026-05-02 21:24:09,67.55870392234029
2026-05-02 21:24:10,66.11570247933884
2026-05-02 21:24:11,63.627768956922566
2026-05-02 21:24:12,62.34645689336948
2026-05-02 21:24:13,62.12183874422303
2026-05-02 21:24:14,65.48727314414019
2026-05-02 21:24:15,68.13385990096155
2026-05-02 21:24:16,69.80147949310944
2026-05-02 21:24:17,68.28736033193147
2026-05-02 21:24:18,67.18143070592
2026-05-02 21:24:19,63.02595186689685
2026-05-02 21:24:20,61.625391642807216
2026-05-02 21:24:21,64.28979521113436
2026-05-02 21:24:22,64.37918947559837
2026-05-02 21:24:23,62.75695784913483
2026-05-02 21:24:24,59.41496716851454
2026-05-02 21:24:25,59.967656925331056
2026-05-02 21:24:26,63.53376955247073
2026-05-02 21:24:27,65.81337709523616
2026-05-02 21:24:28,67.54842506420943
2026-05-02 21:24:29,65.75954677608075
2026-05-02 21:24:30,61.75554277207675
2026-05-02 21:24:31,56.59638268333919
2026-05-02 21:24:32,57.32534011222535
2026-05-02 21:24:33,62.616345403230646
2026-05-02 21:24:34,67.7755054919682
2026-05-02 21:24:35,70.32517686765756
2026-05-02 21:24:36,71.51565305813375
2026-05-02 21:24:37,66.35649296939619
2026-05-02 21:24:38,62.25441225441225
2026-05-02 21:24:39,59.378306059721986
2026-05-02 21:24:40,60.2940569754729
2026-05-02 21:24:41,61.59757801583604
2026-05-02 21:24:42,60.134841235319705
2026-05-02 21:24:43,62.363299472361625
2026-05-02 21:24:44,64.7448188817448
2026-05-02 21:24:45,66.91471208526193
2026-05-02 21:24:46,68.1827573447235
2026-05-02 21:24:47,72.01334941060968
2026-05-02 21:24:48,74.56300984219766
2026-05-02 21:24:49,77.8774037815916
2026-05-02 21:24:50,76.80308798646362
2026-05-02 21:24:51,70.87763024485308
2026-05-02 21:24:52,66.20348494570777
2026-05-02 21:24:53,59.20512722698577
2026-05-02 21:24:54,58.33723490349338
2026-05-02 21:24:55,57.29491678800453
2026-05-02 21:24:56,57.5692802647385
2026-05-02 21:24:57,58.90223839504257
2026-05-02 21:24:58,61.61850979738793
2026-05-02 21:24:59,64.89161794088099
2026-05-02 21:25:00,65.46310249446991
2026-05-02 21:25:01,65.78611382140043
2026-05-02 21:25:02,63.85628925999693
2026-05-02 21:25:03,63.28480470640801
2026-05-02 21:25:04,61.10675940306571
2026-05-02 21:25:05,60.79179877314444
2026-05-02 21:25:06,63.29300471172197
2026-05-02 21:25:07,64.93761426206638
2026-05-02 21:25:08,68.61706087329604
2026-05-02 21:25:09,72.23720287628558
2026-05-02 21:25:10,75.3128883992704
2026-05-02 21:25:11,74.7794526462725
2026-05-02 21:25:12,71.56883620791633
2026-05-02 21:25:13,67.02962182414237
2026-05-02 21:25:14,67.78347725620922
2026-05-02 21:25:15,69.95242702789872
2026-05-02 21:25:16,67.81567489114659
2026-05-02 21:25:17,63.610614192009535
2026-05-02 21:25:18,60.83283641423176
2026-05-02 21:25:19,62.610470544807065
2026-05-02 21:25:20,65.65215024724388
2026-05-02 21:25:21,67.23945183454546
2026-05-02 21:25:22,67.50764421788179
2026-05-02 21:25:23,67.50764421788179
2026-05-02 21:25:24,69.60485615965331
2026-05-02 21:25:25,74.10145629126112
2026-05-02 21:25:26,74.93574558107237
2026-05-02 21:25:27,70.67403147479868
2026-05-02 21:25:28,69.05542497049069
2026-05-02 21:25:29,65.25486393529026
2026-05-02 21:25:30,63.14109229026862
2026-05-02 21:25:31,59.47830619697646
2026-05-02 21:25:32,60.103374563829085
2026-05-02 21:25:33,64.49556953990563
2026-05-02 21:25:34,65.64878790623877
2026-05-02 21:25:35,68.60994127547607
2026-05-02 21:25:36,68.9583409595937
2026-05-02 21:25:37,67.55623429432913
2026-05-02 21:25:38,64.12260277720615
2026-05-02 21:25:39,60.684091450345306
2026-05-02 21:25:40,59.74619577560753
2026-05-02 21:25:41,63.39416659184101
2026-05-02 21:25:42,63.394166591841
2026-05-02 21:25:43,65.0096493788719
2026-05-02 21:25:44,66.0256800855777
2026-05-02 21:25:45,70.31797489294789
2026-05-02 21:25:46,74.77818346079616
2026-05-02 21:25:47,78.13064819286718
2026-05-02 21:25:48,82.24478613403501
2026-05-02 21:25:49,86.6259802360413
2026-05-02 21:25:50,75.95082338614898
2026-05-02 21:25:51,65.22957582279616
2026-05-02 21:25:52,54.19426282119102
2026-05-02 21:25:53,57.16542900391774
2026-05-02 21:25:54,58.178160485399225
2026-05-02 21:25:55,58.24856120630261
2026-05-02 21:25:56,58.09108833100537
2026-05-02 21:25:57,61.60131298538326
2026-05-02 21:25:58,63.55120847098523
2026-05-02 21:25:59,65.34008675911389
2026-05-02 21:26:00,63.48505278270211
2026-05-02 21:26:01,64.47729525067975
2026-05-02 21:26:02,63.086861435329354
2026-05-02 21:26:03,61.20544006238255
2026-05-02 21:26:04,59.70922460735703
2026-05-02 21:26:05,60.55633764612092
2026-05-02 21:26:06,63.97859106837434
2026-05-02 21:26:07,66.46294881588997
2026-05-02 21:26:08,66.64098613251154
2026-05-02 21:26:09,64.40551668392735
2026-05-02 21:26:10,62.77529037015674
2026-05-02 21:26:11,61.83176467194772
2026-05-02 21:26:12,62.086849360064164
2026-05-02 21:26:13,61.99820630790659
2026-05-02 21:26:14,62.4164483529429
2026-05-02 21:26:15,65.25446604651529
2026-05-02 21:26:16,65.8910843301924
2026-05-02 21:26:17,69.38451667737968
2026-05-02 21:26:18,69.60913482652613
2026-05-02 21:26:19,66.7611056627075
2026-05-02 21:26:20,61.40350877192982
2026-05-02 21:26:21,57.51430368750562
2026-05-02 21:26:22,59.725714567647145
2026-05-02 21:26:23,65.92872208644414
2026-05-02 21:26:24,68.3298319327731
2026-05-02 21:26:25,68.41847498493068
2026-05-02 21:26:26,68.92867906656333
2026-05-02 21:26:27,70.30393295958973
2026-05-02 21:26:28,66.56799765719875
2026-05-02 21:26:29,61.63392526280887
2026-05-02 21:26:30,57.021212264002756
2026-05-02 21:26:31,60.06826441819777
2026-05-02 21:26:32,59.9839360096435
2026-05-02 21:26:33,62.17656228867549
2026-05-02 21:26:34,62.34453071061216
2026-05-02 21:26:35,62.01401775450428
2026-05-02 21:26:36,64.77588354828498
2026-05-02 21:26:37,67.34790000919033
2026-05-02 21:26:38,70.33475783475782
2026-05-02 21:26:39,72.06949217258494
2026-05-02 21:26:40,71.85712384095056
2026-05-02 21:26:41,70.26069983073346
2026-05-02 21:26:42,69.61313209514832
2026-05-02 21:26:43,66.51862211990439
2026-05-02 21:26:44,68.5518036423507
2026-05-02 21:26:45,69.19937137793585
2026-05-02 21:26:46,72.6139154901544
2026-05-02 21:26:47,73.3008544899712
2026-05-02 21:26:48,73.5693252803492
2026-05-02 21:26:49,76.62930080054504
2026-05-02 21:26:50,76.98799801227206
2026-05-02 21:26:51,71.69321931241038
2026-05-02 21:26:52,69.30087481480271
2026-05-02 21:26:53,63.82742106548689
2026-05-02 21:26:54,62.76557246876065
2026-05-02 21:26:55,61.990275640832245
2026-05-02 21:26:56,63.1583907702594
2026-05-02 21:26:57,63.798554652213184
2026-05-02 21:26:58,64.80499587604572
2026-05-02 21:26:59,64.32106246528303
2026-05-02 21:27:00,62.58321980804605
2026-05-02 21:27:01,59.43703379740991
2026-05-02 21:27:02,59.35860980594244
2026-05-02 21:27:03,62.13877057866827
2026-05-02 21:27:04,65.28495658930441
2026-05-02 21:27:05,66.35544407283537
2026-05-02 21:27:06,64.519172705314
2026-05-02 21:27:07,62.10371376811594
2026-05-02 21:27:08,61.43167075736325
2026-05-02 21:27:09,62.06171107994389
2026-05-02 21:27:10,63.25836046167505
2026-05-02 21:27:11,63.097070139094406
2026-05-02 21:27:12,63.01610110165432
2026-05-02 21:27:13,64.35216594533473
2026-05-02 21:27:14,65.81139341314588
2026-05-02 21:27:15,63.78161364425081
2026-05-02 21:27:16,59.19480835413538
2026-05-02 21:27:17,56.462172646623856
2026-05-02 21:27:18,57.351025069772305
2026-05-02 21:27:19,60.70746035407144
2026-05-02 21:27:20,63.62589023879346
2026-05-02 21:27:21,64.21774629939952
2026-05-02 21:27:22,60.1876784891281
2026-05-02 21:27:23,60.76487906632868
2026-05-02 21:27:24,63.96090179360141
2026-05-02 21:27:25,69.10408432147563
2026-05-02 21:27:26,73.1976515729376
2026-05-02 21:27:27,78.40333973951962
2026-05-02 21:27:28,81.13047079764648
2026-05-02 21:27:29,77.541954051235
2026-05-02 21:27:30,74.8615184099055
2026-05-02 21:27:31,72.97979797979798
2026-05-02 21:27:32,70.01537110232762
2026-05-02 21:27:33,66.40786749482402
2026-05-02 21:27:34,65.79811139726303
2026-05-02 21:27:35,65.79811139726303
2026-05-02 21:27:36,65.16149311358592
2026-05-02 21:27:37,64.69469418722346
2026-05-02 21:27:38,66.6709787722037
2026-05-02 21:27:39,69.93442007105332
2026-05-02 21:27:40,70.88659698552404
2026-05-02 21:27:41,71.46889512217
2026-05-02 21:27:42,72.97024633826449
2026-05-02 21:27:43,70.31684666993945
2026-05-02 21:27:44,69.45464556632203
2026-05-02 21:27:45,69.19165377166603
2026-05-02 21:27:46,69.69670427671653
2026-05-02 21:27:47,70.26390852696704
2026-05-02 21:27:48,69.38424631725557
2026-05-02 21:27:49,71.28751546190404
2026-05-02 21:27:50,72.84598940421972
2026-05-02 21:27:51,69.49204327697939
2026-05-02 21:27:52,69.61397665258295
2026-05-02 21:27:53,65.6369141294605
2026-05-02 21:27:54,63.59108761554887
2026-05-02 21:27:55,60.57774280280674
2026-05-02 21:27:56,62.06694607905395
2026-05-02 21:27:57,63.079091828041804
2026-05-02 21:27:58,61.50125171583983
2026-05-02 21:27:59,61.680801047018576
2026-05-02 21:28:00,61.76308931929401
2026-05-02 21:28:01,62.4351323300467
2026-05-02 21:28:02,65.0819815614424
2026-05-02 21:28:03,66.68660287081339
2026-05-02 21:28:04,66.51442656227346
2026-05-02 21:28:05,63.5114836782471
2026-05-02 21:28:06,64.00318378052071
2026-05-02 21:28:07,64.80125422353848
2026-05-02 21:28:08,67.02890027963642
2026-05-02 21:28:09,70.51411136725463
2026-05-02 21:28:10,72.31069785293185
2026-05-02 21:28:11,70.0830517968339
2026-05-02 21:28:12,67.87299850999355
2026-05-02 21:28:13,66.54700911790869
2026-05-02 21:28:14,66.54700911790869
2026-05-02 21:28:15,66.77377162953027
2026-05-02 21:28:16,67.88542172250465
2026-05-02 21:28:17,67.45672290914295
2026-05-02 21:28:18,65.17829957808804
2026-05-02 21:28:19,63.97088605908134
2026-05-02 21:28:20,63.24192863019518
2026-05-02 21:28:21,62.25806400996694
2026-05-02 21:28:22,64.57859224657643
2026-05-02 21:28:23,68.28992480052995
2026-05-02 21:28:24,72.01901167817557
2026-05-02 21:28:25,73.90608897286157
2026-05-02 21:28:26,71.98363470703673
2026-05-02 21:28:27,70.21782519373798
2026-05-02 21:28:28,68.80670039899249
2026-05-02 21:28:29,67.4162665836421
2026-05-02 21:28:30,65.03474717425891
2026-05-02 21:28:31,63.44567995671561
2026-05-02 21:28:32,65.31082135219664
2026-05-02 21:28:33,68.00368618895331
2026-05-02 21:28:34,70.34292219447391
2026-05-02 21:28:35,71.68097645772065
2026-05-02 21:28:36,69.57852997454022
2026-05-02 21:28:37,66.72034183716426
2026-05-02 21:28:38,67.39431739431738
2026-05-02 21:28:39,70.25766652543902
2026-05-02 21:28:40,73.37616964394215
2026-05-02 21:28:41,72.06498083275333
2026-05-02 21:28:42,74.40996503496504
2026-05-02 21:28:43,75.50690730837789
2026-05-02 21:28:44,78.4206602221308
2026-05-02 21:28:45,78.8340200104906
2026-05-02 21:28:46,79.56857956857957
2026-05-02 21:28:47,78.68002917507869
2026-05-02 21:28:48,75.37315086820037
2026-05-02 21:28:49,70.7316736239834
2026-05-02 21:28:50,69.564104036836
2026-05-02 21:28:51,67.4243592500324
2026-05-02 21:28:52,66.05253648953305
2026-05-02 21:28:53,66.97743475072431
2026-05-02 21:28:54,67.52075552731081
2026-05-02 21:28:55,67.42904942702103
2026-05-02 21:28:56,67.67172075297715
2026-05-02 21:28:57,69.81667907950109
2026-05-02 21:28:58,72.25868152150353
2026-05-02 21:28:59,73.41294202527412
2026-05-02 21:29:00,70.81330597432125
2026-05-02 21:29:01,69.32521073622601
2026-05-02 21:29:02,64.25180831826401
2026-05-02 21:29:03,66.30291005291005
2026-05-02 21:29:04,66.7087542087542
2026-05-02 21:29:05,66.62230884222585
2026-05-02 21:29:06,63.79936394611022
2026-05-02 21:29:07,63.09852293689917
2026-05-02 21:29:08,63.012791994887586
2026-05-02 21:29:09,63.095752008161185
2026-05-02 21:29:10,65.34116495029369
2026-05-02 21:29:11,68.60345290157684
2026-05-02 21:29:12,69.84031128129237
2026-05-02 21:29:13,67.4982911825017
2026-05-02 21:29:14,66.30211893369787
2026-05-02 21:29:15,67.2815316778165
2026-05-02 21:29:16,68.60752106990137
2026-05-02 21:29:17,72.05825881383282
2026-05-02 21:29:18,72.36960424120632
2026-05-02 21:29:19,71.84106301499067
2026-05-02 21:29:20,70.66305254378648
2026-05-02 21:29:21,67.80759401241329
2026-05-02 21:29:22,64.16429075078942
2026-05-02 21:29:23,60.44088649547027
2026-05-02 21:29:24,59.9684083475846
2026-05-02 21:29:25,60.26428384317606
2026-05-02 21:29:26,61.71496082576793
2026-05-02 21:29:27,63.027619780563235
2026-05-02 21:29:28,65.29279646434458
2026-05-02 21:29:29,67.44114562761911
2026-05-02 21:29:30,70.44408851164545
2026-05-02 21:29:31,71.63011709493432
2026-05-02 21:29:32,71.88012334509057
2026-05-02 21:29:33,75.27908274059871
2026-05-02 21:29:34,78.90305896731466
2026-05-02 21:29:35,71.82797234285664
2026-05-02 21:29:36,64.11341110852685
2026-05-02 21:29:37,61.24329031387775
2026-05-02 21:29:38,68.83377443865791
2026-05-02 21:29:39,74.60664196130148
2026-05-02 21:29:40,72.95156086232763
2026-05-02 21:29:41,68.76976268911314
2026-05-02 21:29:42,64.222385362548
2026-05-02 21:29:43,65.76673920490036
2026-05-02 21:29:44,66.83003425961172
2026-05-02 21:29:45,67.735831361061
2026-05-02 21:29:46,67.19743277381889
2026-05-02 21:29:47,65.00011350332889
2026-05-02 21:29:48,63.586186320578804
2026-05-02 21:29:49,63.377679231337765
2026-05-02 21:29:50,64.88653711467641
2026-05-02 21:29:51,67.92581984395231
2026-05-02 21:29:52,69.95102236420433
2026-05-02 21:29:53,71.70186688921052
2026-05-02 21:29:54,70.07651134268471
2026-05-02 21:29:55,69.714279997599
2026-05-02 21:29:56,67.86850477200424
2026-05-02 21:29:57,65.73721747447654
2026-05-02 21:29:58,61.589888551794594
2026-05-02 21:29:59,63.54744058146695
2026-05-02 21:30:00,66.66687017148477
2026-05-02 21:30:01,68.74538376315627
2026-05-02 21:30:02,70.55890538033394
2026-05-02 21:30:03,71.75507762913777
2026-05-02 21:30:04,73.24317286723301
2026-05-02 21:30:05,71.65641376167692
2026-05-02 21:30:06,73.63970453689569
2026-05-02 21:30:07,72.15160929880045
2026-05-02 21:30:08,69.23656768406843
2026-05-02 21:30:09,65.95426632191337
2026-05-02 21:30:10,68.50845964103206
2026-05-02 21:30:11,68.16121330448092
2026-05-02 21:30:12,65.94494218064676
2026-05-02 21:30:13,65.82179553762427
2026-05-02 21:30:14,66.7123626507619
2026-05-02 21:30:15,68.13826052082696
2026-05-02 21:30:16,68.89598935493487
2026-05-02 21:30:17,71.15378902652765
2026-05-02 21:30:18,68.85097789115646
2026-05-02 21:30:19,65.76229847320093
2026-05-02 21:30:20,64.17499688589935
2026-05-02 21:30:21,65.47708021923268
2026-05-02 21:30:22,64.88961669092673
2026-05-02 21:30:23,67.17719839027313
2026-05-02 21:30:24,69.07113778421252
2026-05-02 21:30:25,69.26350836690303
2026-05-02 21:30:26,70.79537111200105
2026-05-02 21:30:27,71.3239123382167
2026-05-02 21:30:28,72.33895527453292
2026-05-02 21:30:29,70.2207335839428
2026-05-02 21:30:30,68.9913513485161
2026-05-02 21:30:31,71.59090233516386
2026-05-02 21:30:32,72.41993260661206
2026-05-02 21:30:33,73.97840654892775
2026-05-02 21:30:34,71.92228656827947
2026-05-02 21:30:35,72.81083696178035
2026-05-02 21:30:36,72.59041728271141
2026-05-02 21:30:37,72.1536597704822
2026-05-02 21:30:38,72.82842360314076
2026-05-02 21:30:39,72.08837201097262
2026-05-02 21:30:40,71.3617485265016
2026-05-02 21:30:41,69.92158094336466
2026-05-02 21:30:42,73.75217300925084
2026-05-02 21:30:43,74.05792107284644
2026-05-02 21:30:44,72.65647758605505
2026-05-02 21:30:45,71.97464700731726
2026-05-02 21:30:46,71.97464700731726
2026-05-02 21:30:47,69.07660029080418
2026-05-02 21:30:48,67.69364831695455
2026-05-02 21:30:49,65.45817886837034
2026-05-02 21:30:50,67.92352183550543
2026-05-02 21:30:51,69.71128840427059
2026-05-02 21:30:52,72.80439078595943
2026-05-02 21:30:53,70.77131949292608
2026-05-02 21:30:54,68.98355292416092
2026-05-02 21:30:55,69.09532972823854
2026-05-02 21:30:56,69.8260568016766
2026-05-02 21:30:57,70.06635477115877
2026-05-02 21:30:58,68.69110087813236
2026-05-02 21:30:59,66.87228916844936
2026-05-02 21:31:00,63.70097476433933
2026-05-02 21:31:01,65.07622865736573
2026-05-02 21:31:02,68.4117238857545
2026-05-02 21:31:03,70.76202022746716
2026-05-02 21:31:04,73.38112723669639
2026-05-02 21:31:05,74.39715794340219
2026-05-02 21:31:06,75.58763413387838
2026-05-02 21:31:07,76.00981257463268
2026-05-02 21:31:08,77.64470366573383
2026-05-02 21:31:09,77.39717891325859
2026-05-02 21:31:10,74.35589346327507
2026-05-02 21:31:11,74.49082437864638
2026-05-02 21:31:12,72.77982378549952
2026-05-02 21:31:13,73.12160285950608
2026-05-02 21:31:14,73.67568087369048
2026-05-02 21:31:15,73.89002017280097
2026-05-02 21:31:16,74.0061480063201
2026-05-02 21:31:17,74.73280769705374
2026-05-02 21:31:18,76.35261563411262
2026-05-02 21:31:19,75.3461744102801
2026-05-02 21:31:20,73.40448069859389
2026-05-02 21:31:21,69.89638017556798
2026-05-02 21:31:22,70.22241043117572
2026-05-02 21:31:23,69.11354443147141
2026-05-02 21:31:24,69.96824528617226
2026-05-02 21:31:25,72.13509252344204
2026-05-02 21:31:26,75.18565223483256
2026-05-02 21:31:27,78.08905815331386
2026-05-02 21:31:28,78.08905815331386
2026-05-02 21:31:29,79.01524135235063
2026-05-02 21:31:30,82.13820078226857
2026-05-02 21:31:31,86.08297395781098
2026-05-02 21:31:32,85.76734728104425
2026-05-02 21:31:33,82.89947037032127
2026-05-02 21:31:34,80.7861990262807
2026-05-02 21:31:35,75.68428836073645
2026-05-02 21:31:36,70.87970938808077
2026-05-02 21:31:37,66.7716678968617
2026-05-02 21:31:38,65.30813903607257
2026-05-02 21:31:39,66.09952871635114
2026-05-02 21:31:40,64.7614744531044
2026-05-02 21:31:41,66.12122581285576
2026-05-02 21:31:42,66.30542858326542
2026-05-02 21:31:43,65.8307210031348
2026-05-02 21:31:44,68.61365235749473
2026-05-02 21:31:45,70.75861068401866
2026-05-02 21:31:46,70.39332722405373
2026-05-02 21:31:47,67.20455171384964
2026-05-02 21:31:48,60.68999983358711
2026-05-02 21:31:49,57.75173433810276
2026-05-02 21:31:50,56.98202990460523
2026-05-02 21:31:51,60.125102572445314
2026-05-02 21:31:52,59.99286941894906
2026-05-02 21:31:53,59.27447861435135
2026-05-02 21:31:54,58.71212121212121
2026-05-02 21:31:55,59.68014864878455
2026-05-02 21:31:56,62.320993719207095
2026-05-02 21:31:57,63.655194282906834
2026-05-02 21:31:58,65.84782056193883
2026-05-02 21:31:59,63.47068857168507
2026-05-02 21:32:00,64.79516682186008
2026-05-02 21:32:01,63.2814169269816
2026-05-02 21:32:02,64.21080223154117
2026-05-02 21:32:03,64.01149979008626
2026-05-02 21:32:04,62.975245700583514
2026-05-02 21:32:05,61.11010430510248
2026-05-02 21:32:06,63.27812598531929
2026-05-02 21:32:07,67.91602020632807
2026-05-02 21:32:08,72.88035802445094
2026-05-02 21:32:09,74.00031820364458
2026-05-02 21:32:10,70.79712254491682
2026-05-02 21:32:11,64.75546386986215
2026-05-02 21:32:12,60.1657618802797
2026-05-02 21:32:13,59.8457413989689
2026-05-02 21:32:14,62.88566573862978
2026-05-02 21:32:15,64.90094346309333
2026-05-02 21:32:16,67.08610533988517
2026-05-02 21:32:17,65.88271362662564
2026-05-02 21:32:18,66.53183947048925
2026-05-02 21:32:19,66.33946888779874
2026-05-02 21:32:20,65.58025711832917
2026-05-02 21:32:21,63.36287282547319
2026-05-02 21:32:22,61.44913041520161
2026-05-02 21:32:23,62.74706756043212
2026-05-02 21:32:24,61.704749444943275
2026-05-02 21:32:25,61.704749444943275
2026-05-02 21:32:26,62.56695054856069
2026-05-02 21:32:27,67.49427254905342
2026-05-02 21:32:28,70.93843980526223
2026-05-02 21:32:29,69.89360697851451
2026-05-02 21:32:30,68.79567109796993
2026-05-02 21:32:31,70.68371036918677
2026-05-02 21:32:32,76.58102766798419
2026-05-02 21:32:33,78.88146475102997
2026-05-02 21:32:34,70.4074629884376
2026-05-02 21:32:35,59.84484562602246
2026-05-02 21:32:36,50.9954529738129
2026-05-02 21:32:37,52.66711398572504
2026-05-02 21:32:38,54.923742832963796
2026-05-02 21:32:39,58.326512391491434
2026-05-02 21:32:40,64.26657179208544
2026-05-02 21:32:41,69.09532972823854
2026-05-02 21:32:42,71.67183202727136
2026-05-02 21:32:43,70.42973627298048
2026-05-02 21:32:44,64.59019666566836
2026-05-02 21:32:45,60.08926047093985
2026-05-02 21:32:46,56.62615169287045
2026-05-02 21:32:47,57.28752735424611
2026-05-02 21:32:48,61.568043869905665
2026-05-02 21:32:49,67.2637151597254
2026-05-02 21:32:50,75.91910968468514
2026-05-02 21:32:51,80.64451134382617
2026-05-02 21:32:52,80.13942257447496
2026-05-02 21:32:53,75.18773175321891
2026-05-02 21:32:54,73.41363358645368
2026-05-02 21:32:55,75.7119247393847
2026-05-02 21:32:56,82.06113108859104
2026-05-02 21:32:57,81.92335208611101
2026-05-02 21:32:58,76.3944606876544
2026-05-02 21:32:59,70.97118026437397
2026-05-02 21:33:00,66.06976553785063
2026-05-02 21:33:01,65.25807722616233
2026-05-02 21:33:02,62.6017323567027
2026-05-02 21:33:03,63.449030417331585
2026-05-02 21:33:04,65.65717173837614
2026-05-02 21:33:05,68.97489226921142
2026-05-02 21:33:06,71.85099846390169
2026-05-02 21:33:07,76.1319281811085
2026-05-02 21:33:08,78.77743082661115
2026-05-02 21:33:09,77.7008758026877
2026-05-02 21:33:10,73.20952165941351
2026-05-02 21:33:11,70.22867360814293
2026-05-02 21:33:12,63.5466079424112
2026-05-02 21:33:13,58.831499743086205
2026-05-02 21:33:14,56.10420930613531
2026-05-02 21:33:15,57.51954641370093
2026-05-02 21:33:16,58.85885730300336
2026-05-02 21:33:17,61.04774915271214
2026-05-02 21:33:18,63.94275687273273
2026-05-02 21:33:19,65.23439192124977
2026-05-02 21:33:20,66.33707364319754
2026-05-02 21:33:21,64.54819535506888
2026-05-02 21:33:22,62.958395510869266
2026-05-02 21:33:23,62.72945778193154
2026-05-02 21:33:24,63.45841521081769
2026-05-02 21:33:25,66.92576147735261
2026-05-02 21:33:26,68.11623766782878
2026-05-02 21:33:27,64.12608455415676
2026-05-02 21:33:28,59.68346834683468
2026-05-02 21:33:29,52.93164352931643
2026-05-02 21:33:30,55.08670978221038
2026-05-02 21:33:31,59.32641626406932
2026-05-02 21:33:32,62.91230221695875
2026-05-02 21:33:33,66.88002018818858
2026-05-02 21:33:34,69.58412366521496
2026-05-02 21:33:35,67.35790566709869
2026-05-02 21:33:36,64.81379256309899
2026-05-02 21:33:37,61.91038664461768
2026-05-02 21:33:38,61.02913526766241
2026-05-02 21:33:39,59.13063216434002
2026-05-02 21:33:40,59.22983851354637
2026-05-02 21:33:41,61.336580086580085
2026-05-02 21:33:42,63.98809523809523
2026-05-02 21:33:43,63.59649122807017
2026-05-02 21:33:44,65.0845864661654
2026-05-02 21:33:45,66.18107769423558
2026-05-02 21:33:46,68.40584250481275
2026-05-02 21:33:47,71.99114968467951
2026-05-02 21:33:48,72.78859785054873
2026-05-02 21:33:49,67.79109660117342
2026-05-02 21:33:50,62.37616412856661
2026-05-02 21:33:51,61.293913046315524
2026-05-02 21:33:52,60.93381740491317
2026-05-02 21:33:53,62.46844584428632
2026-05-02 21:33:54,64.52010666371964
2026-05-02 21:33:55,63.14471696997309
2026-05-02 21:33:56,61.951618585244745
2026-05-02 21:33:57,60.37882992609951
2026-05-02 21:33:58,64.23382288332391
2026-05-02 21:33:59,65.23455068536175
2026-05-02 21:34:00,67.86313212757676
