log_time,breath_rate
2026-05-01 07:35:15,9.0
2026-05-01 07:35:16,9.0
2026-05-01 07:35:17,9.0
2026-05-01 07:35:18,14.0
2026-05-01 07:35:19,17.0
2026-05-01 07:35:20,17.5
2026-05-01 07:35:21,20.0
2026-05-01 07:35:22,20.0
2026-05-01 07:35:23,20.5
2026-05-01 07:35:24,22.0
2026-05-01 07:35:25,24.0
2026-05-01 07:35:26,21.0
2026-05-01 07:35:27,22.0
2026-05-01 07:35:28,21.5
2026-05-01 07:35:29,22.5
2026-05-01 07:35:30,25.0
2026-05-01 07:35:31,18.5
2026-05-01 07:35:32,20.0
2026-05-01 07:35:33,20.5
2026-05-01 07:35:34,19.0
2026-05-01 07:35:35,21.0
2026-05-01 07:35:36,14.0
2026-05-01 07:35:37,9.971428571428572
2026-05-01 07:35:38,9.885714285714286
2026-05-01 07:35:39,9.8
2026-05-01 07:35:40,9.714285714285714
2026-05-01 07:35:41,9.628571428571428
2026-05-01 07:35:42,9.514285714285716
2026-05-01 07:35:43,9.428571428571429
2026-05-01 07:35:44,9.333333333333334
2026-05-01 07:35:45,9.238095238095239
2026-05-01 07:35:46,
2026-05-01 07:35:47,
2026-05-01 07:35:48,
2026-05-01 07:35:49,
2026-05-01 07:35:50,
2026-05-01 07:35:51,
2026-05-01 07:35:52,8.571428571428571
2026-05-01 07:35:53,8.514285714285714
2026-05-01 07:35:54,8.428571428571429
2026-05-01 07:35:55,8.314285714285715
2026-05-01 07:35:56,8.228571428571428
2026-05-01 07:35:57,8.142857142857142
2026-05-01 07:35:58,8.057142857142857
2026-05-01 07:35:59,9.5
2026-05-01 07:36:00,14.5
2026-05-01 07:36:01,16.0
2026-05-01 07:36:02,18.0
2026-05-01 07:36:03,21.0
2026-05-01 07:36:04,18.5
2026-05-01 07:36:05,18.5
2026-05-01 07:36:06,22.0
2026-05-01 07:36:07,16.0
2026-05-01 07:36:08,10.0
2026-05-01 07:36:09,12.0
2026-05-01 07:36:10,13.5
2026-05-01 07:36:11,15.0
2026-05-01 07:36:12,15.0
2026-05-01 07:36:13,15.0
2026-05-01 07:36:14,16.0
2026-05-01 07:36:15,17.0
2026-05-01 07:36:16,16.0
2026-05-01 07:36:17,17.0
2026-05-01 07:36:18,17.0
2026-05-01 07:36:19,19.0
2026-05-01 07:36:20,21.5
2026-05-01 07:36:21,22.5
2026-05-01 07:36:22,23.0
2026-05-01 07:36:23,25.0
2026-05-01 07:36:24,19.0
2026-05-01 07:36:25,20.0
2026-05-01 07:36:26,22.5
2026-05-01 07:36:27,23.0
2026-05-01 07:36:28,24.5
2026-05-01 07:36:29,25.0
2026-05-01 07:36:30,24.5
2026-05-01 07:36:31,25.0
2026-05-01 07:36:32,25.0
2026-05-01 07:36:33,25.5
2026-05-01 07:36:34,26.0
2026-05-01 07:36:35,18.0
2026-05-01 07:36:36,16.0
2026-05-01 07:36:37,13.0
2026-05-01 07:36:38,14.5
2026-05-01 07:36:39,16.0
2026-05-01 07:36:40,17.0
2026-05-01 07:36:41,17.5
2026-05-01 07:36:42,18.0
2026-05-01 07:36:43,17.5
2026-05-01 07:36:44,16.5
2026-05-01 07:36:45,16.0
2026-05-01 07:36:46,14.0
2026-05-01 07:36:47,11.0
2026-05-01 07:36:48,8.153846153846153
2026-05-01 07:36:49,8.76923076923077
2026-05-01 07:36:50,9.23076923076923
2026-05-01 07:36:51,9.692307692307693
2026-05-01 07:36:52,10.307692307692307
2026-05-01 07:36:53,10.76923076923077
2026-05-01 07:36:54,11.23076923076923
2026-05-01 07:36:55,11.692307692307692
2026-05-01 07:36:56,11.5
2026-05-01 07:36:57,9.5
2026-05-01 07:36:58,11.0
2026-05-01 07:36:59,9.03409090909091
2026-05-01 07:37:00,9.136363636363637
2026-05-01 07:37:01,9.238636363636363
2026-05-01 07:37:02,9.375
2026-05-01 07:37:03,9.477272727272728
2026-05-01 07:37:04,9.579545454545453
2026-05-01 07:37:05,9.681818181818182
2026-05-01 07:37:06,9.790909090909091
2026-05-01 07:37:07,9.9
2026-05-01 07:37:08,
2026-05-01 07:37:09,
2026-05-01 07:37:10,
2026-05-01 07:37:11,
2026-05-01 07:37:12,
2026-05-01 07:37:13,
2026-05-01 07:37:14,
2026-05-01 07:37:15,
2026-05-01 07:37:16,
2026-05-01 07:37:17,
2026-05-01 07:37:18,
2026-05-01 07:37:19,
2026-05-01 07:37:20,11.318181818181818
2026-05-01 07:37:21,11.386363636363637
2026-05-01 07:37:22,11.454545454545451
2026-05-01 07:37:23,11.55681818181818
2026-05-01 07:37:24,11.659090909090908
2026-05-01 07:37:25,11.761363636363637
2026-05-01 07:37:26,11.863636363636363
2026-05-01 07:37:27,11.96590909090909
2026-05-01 07:37:28,15.5
2026-05-01 07:37:29,17.0
2026-05-01 07:37:30,20.0
2026-05-01 07:37:31,16.5
2026-05-01 07:37:32,16.0
2026-05-01 07:37:33,11.5
2026-05-01 07:37:34,8.0
2026-05-01 07:37:35,8.068181818181818
2026-05-01 07:37:36,8.15909090909091
2026-05-01 07:37:37,8.227272727272727
2026-05-01 07:37:38,8.295454545454547
2026-05-01 07:37:39,8.363636363636363
2026-05-01 07:37:40,8.431818181818182
2026-05-01 07:37:41,8.545454545454545
2026-05-01 07:37:42,8.590909090909092
2026-05-01 07:37:43,8.65909090909091
2026-05-01 07:37:44,8.75
2026-05-01 07:37:45,8.818181818181818
2026-05-01 07:37:46,8.886363636363637
2026-05-01 07:37:47,8.954545454545455
2026-05-01 07:37:48,10.5
2026-05-01 07:37:49,14.0
2026-05-01 07:37:50,18.0
2026-05-01 07:37:51,19.5
2026-05-01 07:37:52,22.0
2026-05-01 07:37:53,21.5
2026-05-01 07:37:54,14.0
2026-05-01 07:37:55,9.0
2026-05-01 07:37:56,8.875
2026-05-01 07:37:57,8.75
2026-05-01 07:37:58,8.625
2026-05-01 07:37:59,8.458333333333332
2026-05-01 07:38:00,8.333333333333334
2026-05-01 07:38:01,8.208333333333332
2026-05-01 07:38:02,8.083333333333334
2026-05-01 07:38:03,9.5
2026-05-01 07:38:04,14.0
2026-05-01 07:38:05,17.0
2026-05-01 07:38:06,18.0
2026-05-01 07:38:07,17.0
2026-05-01 07:38:08,17.0
2026-05-01 07:38:09,20.5
2026-05-01 07:38:10,20.0
2026-05-01 07:38:11,19.5
2026-05-01 07:38:12,15.5
2026-05-01 07:38:13,17.0
2026-05-01 07:38:14,17.0
2026-05-01 07:38:15,11.0
2026-05-01 07:38:16,9.75
2026-05-01 07:38:17,9.375
2026-05-01 07:38:18,9.0
2026-05-01 07:38:19,8.625
2026-05-01 07:38:20,8.125
2026-05-01 07:38:21,10.0
2026-05-01 07:38:22,13.0
2026-05-01 07:38:23,15.0
2026-05-01 07:38:24,15.0
2026-05-01 07:38:25,16.0
2026-05-01 07:38:26,17.0
2026-05-01 07:38:27,17.5
2026-05-01 07:38:28,18.0
2026-05-01 07:38:29,17.0
2026-05-01 07:38:30,16.0
2026-05-01 07:38:31,15.0
2026-05-01 07:38:32,11.0
2026-05-01 07:38:33,11.5
2026-05-01 07:38:34,13.0
2026-05-01 07:38:35,15.5
2026-05-01 07:38:36,17.5
2026-05-01 07:38:37,17.0
2026-05-01 07:38:38,17.0
2026-05-01 07:38:39,18.083333333333336
2026-05-01 07:38:40,18.33333333333333
2026-05-01 07:38:41,18.583333333333336
2026-05-01 07:38:42,18.83333333333333
2026-05-01 07:38:43,19.5
2026-05-01 07:38:44,22.0
2026-05-01 07:38:45,20.0
2026-05-01 07:38:46,14.0
2026-05-01 07:38:47,9.0
2026-05-01 07:38:48,9.054545454545455
2026-05-01 07:38:49,9.127272727272727
2026-05-01 07:38:50,9.181818181818182
2026-05-01 07:38:51,9.236363636363638
2026-05-01 07:38:52,9.30909090909091
2026-05-01 07:38:53,9.363636363636363
2026-05-01 07:38:54,9.419762845849801
2026-05-01 07:38:55,9.475889328063241
2026-05-01 07:38:56,
2026-05-01 07:38:57,
2026-05-01 07:38:58,
2026-05-01 07:38:59,
2026-05-01 07:39:00,
2026-05-01 07:39:01,
2026-05-01 07:39:02,
2026-05-01 07:39:03,
2026-05-01 07:39:04,
2026-05-01 07:39:05,
2026-05-01 07:39:06,
2026-05-01 07:39:07,
2026-05-01 07:39:08,
2026-05-01 07:39:09,
2026-05-01 07:39:10,
2026-05-01 07:39:11,
2026-05-01 07:39:12,
2026-05-01 07:39:13,
2026-05-01 07:39:14,
2026-05-01 07:39:15,
2026-05-01 07:39:16,10.654545454545454
2026-05-01 07:39:17,10.709090909090907
2026-05-01 07:39:18,10.763636363636362
2026-05-01 07:39:19,10.836363636363636
2026-05-01 07:39:20,10.89090909090909
2026-05-01 07:39:21,10.945454545454545
2026-05-01 07:39:22,12.0
2026-05-01 07:39:23,14.0
2026-05-01 07:39:24,15.5
2026-05-01 07:39:25,16.0
2026-05-01 07:39:26,17.0
2026-05-01 07:39:27,18.5
2026-05-01 07:39:28,19.0
2026-05-01 07:39:29,20.0
2026-05-01 07:39:30,21.0
2026-05-01 07:39:31,22.0
2026-05-01 07:39:32,22.5
2026-05-01 07:39:33,22.0
2026-05-01 07:39:34,21.0
2026-05-01 07:39:35,20.0
2026-05-01 07:39:36,20.0
2026-05-01 07:39:37,19.5
2026-05-01 07:39:38,20.0
2026-05-01 07:39:39,20.5
2026-05-01 07:39:40,21.5
2026-05-01 07:39:41,23.0
2026-05-01 07:39:42,21.0
2026-05-01 07:39:43,21.0
2026-05-01 07:39:44,14.5
2026-05-01 07:39:45,9.0
2026-05-01 07:39:46,8.027777777777779
2026-05-01 07:39:47,8.069444444444445
2026-05-01 07:39:48,8.125
2026-05-01 07:39:49,8.166666666666666
2026-05-01 07:39:50,8.208333333333332
2026-05-01 07:39:51,8.25
2026-05-01 07:39:52,8.277777777777779
2026-05-01 07:39:53,8.323350694444445
2026-05-01 07:39:54,8.368923611111112
2026-05-01 07:39:55,
2026-05-01 07:39:56,
2026-05-01 07:39:57,
2026-05-01 07:39:58,
2026-05-01 07:39:59,
2026-05-01 07:40:00,
2026-05-01 07:40:01,
2026-05-01 07:40:02,
2026-05-01 07:40:03,
2026-05-01 07:40:04,
2026-05-01 07:40:05,
2026-05-01 07:40:06,
2026-05-01 07:40:07,
2026-05-01 07:40:08,
2026-05-01 07:40:09,
2026-05-01 07:40:10,
2026-05-01 07:40:11,
2026-05-01 07:40:12,
2026-05-01 07:40:13,
2026-05-01 07:40:14,
2026-05-01 07:40:15,
2026-05-01 07:40:16,
2026-05-01 07:40:17,
2026-05-01 07:40:18,
2026-05-01 07:40:19,
2026-05-01 07:40:20,
2026-05-01 07:40:21,
2026-05-01 07:40:22,
2026-05-01 07:40:23,
2026-05-01 07:40:24,9.73611111111111
2026-05-01 07:40:25,9.77777777777778
2026-05-01 07:40:26,9.819444444444445
2026-05-01 07:40:27,9.875
2026-05-01 07:40:28,9.916666666666666
2026-05-01 07:40:29,9.958333333333332
2026-05-01 07:40:30,10.0
2026-05-01 07:40:31,12.5
2026-05-01 07:40:32,14.0
2026-05-01 07:40:33,15.0
2026-05-01 07:40:34,16.5
2026-05-01 07:40:35,12.0
2026-05-01 07:40:36,9.987179487179487
2026-05-01 07:40:37,9.935897435897434
2026-05-01 07:40:38,9.897435897435898
2026-05-01 07:40:39,9.858974358974361
2026-05-01 07:40:40,9.82051282051282
2026-05-01 07:40:41,9.782051282051283
2026-05-01 07:40:42,9.743589743589745
2026-05-01 07:40:43,9.701923076923078
2026-05-01 07:40:44,9.66025641025641
2026-05-01 07:40:45,
2026-05-01 07:40:46,
2026-05-01 07:40:47,
2026-05-01 07:40:48,
2026-05-01 07:40:49,
2026-05-01 07:40:50,
2026-05-01 07:40:51,
2026-05-01 07:40:52,
2026-05-01 07:40:53,
2026-05-01 07:40:54,9.243589743589743
2026-05-01 07:40:55,9.192307692307693
2026-05-01 07:40:56,9.153846153846152
2026-05-01 07:40:57,9.115384615384615
2026-05-01 07:40:58,9.064102564102566
2026-05-01 07:40:59,9.025641025641026
2026-05-01 07:41:00,10.0
2026-05-01 07:41:01,14.0
2026-05-01 07:41:02,17.5
2026-05-01 07:41:03,20.5
2026-05-01 07:41:04,21.0
2026-05-01 07:41:05,22.0
2026-05-01 07:41:06,23.0
2026-05-01 07:41:07,23.0
2026-05-01 07:41:08,23.0
2026-05-01 07:41:09,19.0
2026-05-01 07:41:10,14.5
2026-05-01 07:41:11,10.0
2026-05-01 07:41:12,8.038461538461538
2026-05-01 07:41:13,8.192307692307692
2026-05-01 07:41:14,8.307692307692308
2026-05-01 07:41:15,8.423076923076923
2026-05-01 07:41:16,8.538461538461538
2026-05-01 07:41:17,8.653846153846153
2026-05-01 07:41:18,8.76923076923077
2026-05-01 07:41:19,8.89423076923077
2026-05-01 07:41:20,9.01923076923077
2026-05-01 07:41:21,
2026-05-01 07:41:22,9.26923076923077
2026-05-01 07:41:23,9.423076923076923
2026-05-01 07:41:24,9.538461538461538
2026-05-01 07:41:25,9.653846153846153
2026-05-01 07:41:26,9.80769230769231
2026-05-01 07:41:27,9.923076923076923
2026-05-01 07:41:28,11.5
2026-05-01 07:41:29,14.0
2026-05-01 07:41:30,14.0
2026-05-01 07:41:31,16.5
2026-05-01 07:41:32,20.0
2026-05-01 07:41:33,15.0
2026-05-01 07:41:34,10.0
2026-05-01 07:41:35,8.25
2026-05-01 07:41:36,9.25
2026-05-01 07:41:37,10.0
2026-05-01 07:41:38,10.75
2026-05-01 07:41:39,11.75
2026-05-01 07:41:40,15.0
2026-05-01 07:41:41,16.5
2026-05-01 07:41:42,18.0
2026-05-01 07:41:43,19.5
2026-05-01 07:41:44,21.5
2026-05-01 07:41:45,23.0
2026-05-01 07:41:46,21.5
2026-05-01 07:41:47,19.0
2026-05-01 07:41:48,20.5
2026-05-01 07:41:49,22.5
2026-05-01 07:41:50,23.0
2026-05-01 07:41:51,24.5
2026-05-01 07:41:52,26.0
2026-05-01 07:41:53,25.0
2026-05-01 07:41:54,25.5
2026-05-01 07:41:55,21.0
2026-05-01 07:41:56,18.5
2026-05-01 07:41:57,18.0
2026-05-01 07:41:58,17.5
2026-05-01 07:41:59,10.5
2026-05-01 07:42:00,8.95
2026-05-01 07:42:01,8.875
2026-05-01 07:42:02,8.8
2026-05-01 07:42:03,8.725
2026-05-01 07:42:04,8.625
2026-05-01 07:42:05,8.55
2026-05-01 07:42:06,8.475
2026-05-01 07:42:07,8.4
2026-05-01 07:42:08,8.325
2026-05-01 07:42:09,8.225
2026-05-01 07:42:10,8.15
2026-05-01 07:42:11,8.075
2026-05-01 07:42:12,8.25
2026-05-01 07:42:13,9.0
2026-05-01 07:42:14,9.75
2026-05-01 07:42:15,10.5
2026-05-01 07:42:16,9.5
2026-05-01 07:42:17,12.5
2026-05-01 07:42:18,18.0
2026-05-01 07:42:19,21.0
2026-05-01 07:42:20,22.0
2026-05-01 07:42:21,23.5
2026-05-01 07:42:22,18.0
2026-05-01 07:42:23,13.0
2026-05-01 07:42:24,9.0
2026-05-01 07:42:25,8.214285714285715
2026-05-01 07:42:26,8.428571428571429
2026-05-01 07:42:27,8.642857142857142
2026-05-01 07:42:28,8.857142857142858
2026-05-01 07:42:29,10.5
2026-05-01 07:42:30,14.5
2026-05-01 07:42:31,15.0
2026-05-01 07:42:32,16.5
2026-05-01 07:42:33,17.0
2026-05-01 07:42:34,17.5
2026-05-01 07:42:35,17.5
2026-05-01 07:42:36,18.0
2026-05-01 07:42:37,18.5
2026-05-01 07:42:38,20.0
2026-05-01 07:42:39,18.083333333333336
2026-05-01 07:42:40,18.416666666666664
2026-05-01 07:42:41,18.666666666666668
2026-05-01 07:42:42,18.916666666666664
2026-05-01 07:42:43,19.0
2026-05-01 07:42:44,18.0
2026-05-01 07:42:45,19.5
2026-05-01 07:42:46,17.0
2026-05-01 07:42:47,11.5
2026-05-01 07:42:48,8.125
2026-05-01 07:42:49,8.5
2026-05-01 07:42:50,8.875
2026-05-01 07:42:51,10.0
2026-05-01 07:42:52,14.0
2026-05-01 07:42:53,14.0
2026-05-01 07:42:54,12.0
2026-05-01 07:42:55,10.0
2026-05-01 07:42:56,8.875
2026-05-01 07:42:57,8.6875
2026-05-01 07:42:58,8.4375
2026-05-01 07:42:59,8.25
2026-05-01 07:43:00,8.0625
2026-05-01 07:43:01,14.0
2026-05-01 07:43:02,18.0
2026-05-01 07:43:03,19.5
2026-05-01 07:43:04,21.0
2026-05-01 07:43:05,19.0
2026-05-01 07:43:06,17.0
2026-05-01 07:43:07,16.0
2026-05-01 07:43:08,13.5
2026-05-01 07:43:09,9.0
2026-05-01 07:43:10,9.0
2026-05-01 07:43:11,9.0
2026-05-01 07:43:12,9.0
2026-05-01 07:43:13,9.045454545454547
2026-05-01 07:43:14,9.181818181818182
2026-05-01 07:43:15,9.318181818181817
2026-05-01 07:43:16,9.5
2026-05-01 07:43:17,9.636363636363637
2026-05-01 07:43:18,9.772727272727273
2026-05-01 07:43:19,9.90909090909091
2026-05-01 07:43:20,11.5
2026-05-01 07:43:21,15.5
2026-05-01 07:43:22,17.0
2026-05-01 07:43:23,17.5
2026-05-01 07:43:24,17.5
2026-05-01 07:43:25,16.0
2026-05-01 07:43:26,15.5
2026-05-01 07:43:27,15.0
2026-05-01 07:43:28,11.5
2026-05-01 07:43:29,8.023529411764706
2026-05-01 07:43:30,8.094117647058823
2026-05-01 07:43:31,8.16470588235294
2026-05-01 07:43:32,8.235294117647058
2026-05-01 07:43:33,8.305882352941177
2026-05-01 07:43:34,8.4
2026-05-01 07:43:35,8.470588235294118
2026-05-01 07:43:36,8.547058823529412
2026-05-01 07:43:37,8.623529411764705
2026-05-01 07:43:38,
2026-05-01 07:43:39,
2026-05-01 07:43:40,
2026-05-01 07:43:41,
2026-05-01 07:43:42,
2026-05-01 07:43:43,
2026-05-01 07:43:44,
2026-05-01 07:43:45,
2026-05-01 07:43:46,
2026-05-01 07:43:47,
2026-05-01 07:43:48,
2026-05-01 07:43:49,
2026-05-01 07:43:50,
2026-05-01 07:43:51,
2026-05-01 07:43:52,
2026-05-01 07:43:53,
2026-05-01 07:43:54,
2026-05-01 07:43:55,
2026-05-01 07:43:56,
2026-05-01 07:43:57,
2026-05-01 07:43:58,
2026-05-01 07:43:59,
2026-05-01 07:44:00,
2026-05-01 07:44:01,
2026-05-01 07:44:02,
2026-05-01 07:44:03,
2026-05-01 07:44:04,
2026-05-01 07:44:05,
2026-05-01 07:44:06,
2026-05-01 07:44:07,
2026-05-01 07:44:08,
2026-05-01 07:44:09,
2026-05-01 07:44:10,
2026-05-01 07:44:11,
2026-05-01 07:44:12,
2026-05-01 07:44:13,
2026-05-01 07:44:14,
2026-05-01 07:44:15,11.529411764705882
2026-05-01 07:44:16,11.576470588235294
2026-05-01 07:44:17,11.64705882352941
2026-05-01 07:44:18,11.741176470588236
2026-05-01 07:44:19,11.811764705882354
2026-05-01 07:44:20,11.882352941176471
2026-05-01 07:44:21,11.952941176470588
2026-05-01 07:44:22,13.5
2026-05-01 07:44:23,10.5
2026-05-01 07:44:24,9.083333333333334
2026-05-01 07:44:25,9.208333333333332
2026-05-01 07:44:26,9.375
2026-05-01 07:44:27,9.5
2026-05-01 07:44:28,9.625
2026-05-01 07:44:29,9.75
2026-05-01 07:44:30,9.875
2026-05-01 07:44:31,10.0
2026-05-01 07:44:32,9.0
2026-05-01 07:44:33,8.1
2026-05-01 07:44:34,8.2
2026-05-01 07:44:35,8.3
2026-05-01 07:44:36,8.4
2026-05-01 07:44:37,8.5
2026-05-01 07:44:38,8.633333333333333
2026-05-01 07:44:39,8.733333333333333
2026-05-01 07:44:40,8.833333333333334
2026-05-01 07:44:41,8.966666666666667
2026-05-01 07:44:42,10.0
2026-05-01 07:44:43,13.0
2026-05-01 07:44:44,15.0
2026-05-01 07:44:45,16.0
2026-05-01 07:44:46,15.5
2026-05-01 07:44:47,15.0
2026-05-01 07:44:48,15.0
2026-05-01 07:44:49,18.0
2026-05-01 07:44:50,13.5
2026-05-01 07:44:51,11.5
2026-05-01 07:44:52,13.0
2026-05-01 07:44:53,14.0
2026-05-01 07:44:54,19.0
2026-05-01 07:44:55,16.0
2026-05-01 07:44:56,13.0
2026-05-01 07:44:57,10.0
2026-05-01 07:44:58,14.5
2026-05-01 07:44:59,19.0
2026-05-01 07:45:00,19.0
2026-05-01 07:45:01,15.0
2026-05-01 07:45:02,10.0
2026-05-01 07:45:03,14.0
2026-05-01 07:45:04,17.0
2026-05-01 07:45:05,18.0
2026-05-01 07:45:06,18.5
2026-05-01 07:45:07,19.0
2026-05-01 07:45:08,19.5
2026-05-01 07:45:09,20.0
2026-05-01 07:45:10,23.0
2026-05-01 07:45:11,24.5
2026-05-01 07:45:12,23.0
2026-05-01 07:45:13,21.0
2026-05-01 07:45:14,19.916666666666664
2026-05-01 07:45:15,19.666666666666668
2026-05-01 07:45:16,19.416666666666664
2026-05-01 07:45:17,19.166666666666668
2026-05-01 07:45:18,19.5
2026-05-01 07:45:19,21.0
2026-05-01 07:45:20,22.0
2026-05-01 07:45:21,18.5
2026-05-01 07:45:22,13.0
2026-05-01 07:45:23,9.5
2026-05-01 07:45:24,11.0
2026-05-01 07:45:25,14.0
2026-05-01 07:45:26,15.5
2026-05-01 07:45:27,18.0
2026-05-01 07:45:28,20.0
2026-05-01 07:45:29,21.0
2026-05-01 07:45:30,22.0
2026-05-01 07:45:31,22.0
2026-05-01 07:45:32,22.5
2026-05-01 07:45:33,21.0
2026-05-01 07:45:34,20.5
2026-05-01 07:45:35,21.5
2026-05-01 07:45:36,23.0
2026-05-01 07:45:37,22.5
2026-05-01 07:45:38,23.0
2026-05-01 07:45:39,22.0
2026-05-01 07:45:40,18.5
2026-05-01 07:45:41,19.0
2026-05-01 07:45:42,17.0
2026-05-01 07:45:43,17.0
2026-05-01 07:45:44,13.5
2026-05-01 07:45:45,8.75
2026-05-01 07:45:46,8.0
2026-05-01 07:45:47,8.0
2026-05-01 07:45:48,8.0
2026-05-01 07:45:49,8.0
2026-05-01 07:45:50,8.0
2026-05-01 07:45:51,8.0
2026-05-01 07:45:52,8.0
2026-05-01 07:45:53,11.0
2026-05-01 07:45:54,13.5
2026-05-01 07:45:55,16.5
2026-05-01 07:45:56,20.0
2026-05-01 07:45:57,22.5
2026-05-01 07:45:58,18.0
2026-05-01 07:45:59,15.0
2026-05-01 07:46:00,11.5
2026-05-01 07:46:01,11.0
2026-05-01 07:46:02,12.0
2026-05-01 07:46:03,10.5
2026-05-01 07:46:04,12.0
2026-05-01 07:46:05,16.0
2026-05-01 07:46:06,18.0
2026-05-01 07:46:07,13.5
2026-05-01 07:46:08,9.0
2026-05-01 07:46:09,9.0
2026-05-01 07:46:10,9.0
2026-05-01 07:46:11,8.222222222222221
2026-05-01 07:46:12,8.555555555555555
2026-05-01 07:46:13,9.0
2026-05-01 07:46:14,9.333333333333334
2026-05-01 07:46:15,9.666666666666668
2026-05-01 07:46:16,10.0
2026-05-01 07:46:17,15.0
2026-05-01 07:46:18,20.0
2026-05-01 07:46:19,23.0
2026-05-01 07:46:20,23.0
2026-05-01 07:46:21,23.0
2026-05-01 07:46:22,24.0
2026-05-01 07:46:23,23.5
2026-05-01 07:46:24,21.0
2026-05-01 07:46:25,17.0
2026-05-01 07:46:26,10.0
2026-05-01 07:46:27,9.0
2026-05-01 07:46:28,9.0
2026-05-01 07:46:29,9.0
2026-05-01 07:46:30,9.0
2026-05-01 07:46:31,9.0
2026-05-01 07:46:32,9.0
2026-05-01 07:46:33,9.0
2026-05-01 07:46:34,9.0
2026-05-01 07:46:35,9.0
2026-05-01 07:46:36,9.0
2026-05-01 07:46:37,8.25
2026-05-01 07:46:38,14.5
2026-05-01 07:46:39,19.0
2026-05-01 07:46:40,21.0
2026-05-01 07:46:41,24.0
2026-05-01 07:46:42,22.5
2026-05-01 07:46:43,17.5
2026-05-01 07:46:44,15.0
2026-05-01 07:46:45,15.0
2026-05-01 07:46:46,14.0
2026-05-01 07:46:47,14.0
2026-05-01 07:46:48,14.5
2026-05-01 07:46:49,16.0
2026-05-01 07:46:50,18.0
2026-05-01 07:46:51,20.5
2026-05-01 07:46:52,22.0
2026-05-01 07:46:53,24.5
2026-05-01 07:46:54,25.0
2026-05-01 07:46:55,25.0
2026-05-01 07:46:56,18.5
2026-05-01 07:46:57,16.0
2026-05-01 07:46:58,10.5
2026-05-01 07:46:59,9.0
2026-05-01 07:47:00,9.0
2026-05-01 07:47:01,9.0
2026-05-01 07:47:02,9.0
2026-05-01 07:47:03,9.0
2026-05-01 07:47:04,9.0
2026-05-01 07:47:05,9.0
2026-05-01 07:47:06,9.0
2026-05-01 07:47:07,9.0
2026-05-01 07:47:08,9.0
2026-05-01 07:47:09,11.0
2026-05-01 07:47:10,15.0
2026-05-01 07:47:11,18.5
2026-05-01 07:47:12,18.0
2026-05-01 07:47:13,19.0
2026-05-01 07:47:14,14.0
2026-05-01 07:47:15,9.5
2026-05-01 07:47:16,8.0
2026-05-01 07:47:17,8.0
2026-05-01 07:47:18,8.0
2026-05-01 07:47:19,8.0
2026-05-01 07:47:20,8.0
2026-05-01 07:47:21,12.0
2026-05-01 07:47:22,18.0
2026-05-01 07:47:23,15.5
2026-05-01 07:47:24,16.5
2026-05-01 07:47:25,11.0
2026-05-01 07:47:26,10.0
2026-05-01 07:47:27,12.0
2026-05-01 07:47:28,12.5
2026-05-01 07:47:29,15.0
2026-05-01 07:47:30,15.0
2026-05-01 07:47:31,15.0
2026-05-01 07:47:32,14.0
2026-05-01 07:47:33,14.0
2026-05-01 07:47:34,17.5
2026-05-01 07:47:35,21.0
2026-05-01 07:47:36,21.0
2026-05-01 07:47:37,20.0
2026-05-01 07:47:38,18.916666666666664
2026-05-01 07:47:39,18.583333333333336
2026-05-01 07:47:40,18.33333333333333
2026-05-01 07:47:41,18.083333333333336
2026-05-01 07:47:42,17.0
2026-05-01 07:47:43,17.5
2026-05-01 07:47:44,19.0
2026-05-01 07:47:45,14.0
2026-05-01 07:47:46,11.5
2026-05-01 07:47:47,13.0
2026-05-01 07:47:48,13.0
2026-05-01 07:47:49,14.5
2026-05-01 07:47:50,16.0
2026-05-01 07:47:51,15.5
2026-05-01 07:47:52,11.0
2026-05-01 07:47:53,9.1
2026-05-01 07:47:54,9.5
2026-05-01 07:47:55,9.8
2026-05-01 07:47:56,11.0
2026-05-01 07:47:57,13.0
2026-05-01 07:47:58,15.5
2026-05-01 07:47:59,16.5
2026-05-01 07:48:00,17.0
2026-05-01 07:48:01,16.5
2026-05-01 07:48:02,10.5
2026-05-01 07:48:03,9.0
2026-05-01 07:48:04,9.0
2026-05-01 07:48:05,14.0
2026-05-01 07:48:06,16.0
2026-05-01 07:48:07,19.0
2026-05-01 07:48:08,20.0
2026-05-01 07:48:09,21.0
2026-05-01 07:48:10,22.0
2026-05-01 07:48:11,22.0
2026-05-01 07:48:12,21.0
2026-05-01 07:48:13,20.0
2026-05-01 07:48:14,21.5
2026-05-01 07:48:15,15.0
2026-05-01 07:48:16,10.0
2026-05-01 07:48:17,8.0
2026-05-01 07:48:18,8.0
2026-05-01 07:48:19,8.0
2026-05-01 07:48:20,8.0
2026-05-01 07:48:21,8.0
2026-05-01 07:48:22,8.0
2026-05-01 07:48:23,8.0
2026-05-01 07:48:24,8.0
2026-05-01 07:48:25,8.0
2026-05-01 07:48:26,10.0
2026-05-01 07:48:27,11.5
2026-05-01 07:48:28,14.0
2026-05-01 07:48:29,13.0
2026-05-01 07:48:30,9.0
2026-05-01 07:48:31,10.0
2026-05-01 07:48:32,9.0
2026-05-01 07:48:33,8.071428571428571
2026-05-01 07:48:34,8.178571428571427
2026-05-01 07:48:35,8.321428571428573
2026-05-01 07:48:36,8.428571428571429
2026-05-01 07:48:37,8.535714285714285
2026-05-01 07:48:38,8.642857142857142
2026-05-01 07:48:39,8.75
2026-05-01 07:48:40,8.892857142857142
2026-05-01 07:48:41,9.0
2026-05-01 07:48:42,12.0
2026-05-01 07:48:43,13.0
2026-05-01 07:48:44,13.0
2026-05-01 07:48:45,14.0
2026-05-01 07:48:46,11.0
2026-05-01 07:48:47,9.033333333333333
2026-05-01 07:48:48,9.166666666666666
2026-05-01 07:48:49,9.266666666666667
2026-05-01 07:48:50,9.366666666666667
2026-05-01 07:48:51,9.466666666666669
2026-05-01 07:48:52,9.566666666666666
2026-05-01 07:48:53,9.7
2026-05-01 07:48:54,9.8
2026-05-01 07:48:55,9.9
2026-05-01 07:48:56,10.0
2026-05-01 07:48:57,12.5
2026-05-01 07:48:58,14.5
2026-05-01 07:48:59,16.0
2026-05-01 07:49:00,15.0
2026-05-01 07:49:01,10.0
2026-05-01 07:49:02,8.0
2026-05-01 07:49:03,8.0
2026-05-01 07:49:04,8.0
2026-05-01 07:49:05,11.0
2026-05-01 07:49:06,13.0
2026-05-01 07:49:07,14.5
2026-05-01 07:49:08,16.5
2026-05-01 07:49:09,17.0
2026-05-01 07:49:10,19.0
2026-05-01 07:49:11,20.0
2026-05-01 07:49:12,21.5
2026-05-01 07:49:13,22.5
2026-05-01 07:49:14,24.0
2026-05-01 07:49:15,25.5
2026-05-01 07:49:16,25.0
2026-05-01 07:49:17,25.0
2026-05-01 07:49:18,23.5
2026-05-01 07:49:19,23.0
2026-05-01 07:49:20,23.0
2026-05-01 07:49:21,19.0
2026-05-01 07:49:22,13.0
2026-05-01 07:49:23,9.071428571428571
2026-05-01 07:49:24,9.285714285714286
2026-05-01 07:49:25,9.5
2026-05-01 07:49:26,9.714285714285714
2026-05-01 07:49:27,9.928571428571429
2026-05-01 07:49:28,11.5
2026-05-01 07:49:29,12.0
2026-05-01 07:49:30,13.0
2026-05-01 07:49:31,13.5
2026-05-01 07:49:32,14.0
2026-05-01 07:49:33,14.0
2026-05-01 07:49:34,14.0
2026-05-01 07:49:35,11.0
2026-05-01 07:49:36,8.833333333333332
2026-05-01 07:49:37,8.333333333333334
2026-05-01 07:49:38,9.0
2026-05-01 07:49:39,14.0
2026-05-01 07:49:40,16.0
2026-05-01 07:49:41,19.0
2026-05-01 07:49:42,20.0
2026-05-01 07:49:43,21.5
2026-05-01 07:49:44,22.0
2026-05-01 07:49:45,22.5
2026-05-01 07:49:46,22.5
2026-05-01 07:49:47,21.0
2026-05-01 07:49:48,20.5
2026-05-01 07:49:49,20.0
2026-05-01 07:49:50,18.5
2026-05-01 07:49:51,16.5
2026-05-01 07:49:52,16.0
2026-05-01 07:49:53,11.5
2026-05-01 07:49:54,8.0
2026-05-01 07:49:55,8.26086956521739
2026-05-01 07:49:56,8.608695652173914
2026-05-01 07:49:57,8.869565217391305
2026-05-01 07:49:58,9.130434782608695
2026-05-01 07:49:59,9.391304347826086
2026-05-01 07:50:00,9.652173913043478
2026-05-01 07:50:01,9.956521739130434
2026-05-01 07:50:02,10.26086956521739
2026-05-01 07:50:03,10.521739130434783
2026-05-01 07:50:04,10.782608695652174
2026-05-01 07:50:05,11.043478260869565
2026-05-01 07:50:06,11.391304347826086
2026-05-01 07:50:07,11.652173913043478
2026-05-01 07:50:08,11.91304347826087
2026-05-01 07:50:09,14.0
2026-05-01 07:50:10,18.0
2026-05-01 07:50:11,20.5
2026-05-01 07:50:12,21.0
2026-05-01 07:50:13,21.5
2026-05-01 07:50:14,21.0
2026-05-01 07:50:15,19.5
2026-05-01 07:50:16,17.5
2026-05-01 07:50:17,15.0
2026-05-01 07:50:18,14.5
2026-05-01 07:50:19,14.5
2026-05-01 07:50:20,16.0
2026-05-01 07:50:21,17.5
2026-05-01 07:50:22,20.0
2026-05-01 07:50:23,21.0
2026-05-01 07:50:24,24.5
2026-05-01 07:50:25,25.0
2026-05-01 07:50:26,25.5
2026-05-01 07:50:27,26.0
2026-05-01 07:50:28,26.5
2026-05-01 07:50:29,27.0
2026-05-01 07:50:30,27.0
2026-05-01 07:50:31,27.5
2026-05-01 07:50:32,26.0
2026-05-01 07:50:33,25.0
2026-05-01 07:50:34,23.0
2026-05-01 07:50:35,21.5
2026-05-01 07:50:36,20.5
2026-05-01 07:50:37,20.0
2026-05-01 07:50:38,19.5
2026-05-01 07:50:39,19.0
2026-05-01 07:50:40,20.5
2026-05-01 07:50:41,23.0
2026-05-01 07:50:42,22.0
2026-05-01 07:50:43,23.0
2026-05-01 07:50:44,23.0
2026-05-01 07:50:45,21.0
2026-05-01 07:50:46,20.5
2026-05-01 07:50:47,15.0
2026-05-01 07:50:48,10.0
2026-05-01 07:50:49,9.0
2026-05-01 07:50:50,9.0
2026-05-01 07:50:51,9.0
2026-05-01 07:50:52,9.0
2026-05-01 07:50:53,8.25
2026-05-01 07:50:54,10.0
2026-05-01 07:50:55,11.0
2026-05-01 07:50:56,13.0
2026-05-01 07:50:57,15.0
2026-05-01 07:50:58,14.0
2026-05-01 07:50:59,14.0
2026-05-01 07:51:00,10.0
2026-05-01 07:51:01,8.0
2026-05-01 07:51:02,8.0
2026-05-01 07:51:03,8.0
2026-05-01 07:51:04,8.0
2026-05-01 07:51:05,8.0
2026-05-01 07:51:06,8.0
2026-05-01 07:51:07,11.0
2026-05-01 07:51:08,15.0
2026-05-01 07:51:09,16.0
2026-05-01 07:51:10,16.0
2026-05-01 07:51:11,13.0
2026-05-01 07:51:12,13.5
2026-05-01 07:51:13,15.0
2026-05-01 07:51:14,16.5
2026-05-01 07:51:15,17.0
2026-05-01 07:51:16,18.5
2026-05-01 07:51:17,20.5
2026-05-01 07:51:18,23.0
2026-05-01 07:51:19,23.5
2026-05-01 07:51:20,23.0
2026-05-01 07:51:21,24.0
2026-05-01 07:51:22,23.5
2026-05-01 07:51:23,21.0
2026-05-01 07:51:24,20.5
2026-05-01 07:51:25,18.0
2026-05-01 07:51:26,16.5
2026-05-01 07:51:27,15.5
2026-05-01 07:51:28,15.0
2026-05-01 07:51:29,13.0
2026-05-01 07:51:30,9.026315789473685
2026-05-01 07:51:31,9.105263157894736
2026-05-01 07:51:32,9.18421052631579
2026-05-01 07:51:33,9.263157894736842
2026-05-01 07:51:34,9.342105263157896
2026-05-01 07:51:35,9.447368421052634
2026-05-01 07:51:36,9.526315789473683
2026-05-01 07:51:37,9.605263157894736
2026-05-01 07:51:38,9.68421052631579
2026-05-01 07:51:39,9.763157894736842
2026-05-01 07:51:40,9.868421052631579
2026-05-01 07:51:41,9.947368421052632
2026-05-01 07:51:42,11.0
2026-05-01 07:51:43,14.0
2026-05-01 07:51:44,15.5
2026-05-01 07:51:45,16.0
2026-05-01 07:51:46,16.0
2026-05-01 07:51:47,15.5
2026-05-01 07:51:48,17.0
2026-05-01 07:51:49,17.0
2026-05-01 07:51:50,18.083333333333336
2026-05-01 07:51:51,18.33333333333333
2026-05-01 07:51:52,18.583333333333336
2026-05-01 07:51:53,18.83333333333333
2026-05-01 07:51:54,18.5
2026-05-01 07:51:55,16.5
2026-05-01 07:51:56,16.0
2026-05-01 07:51:57,16.0
2026-05-01 07:51:58,17.0
2026-05-01 07:51:59,17.5
2026-05-01 07:52:00,18.0
2026-05-01 07:52:01,20.0
2026-05-01 07:52:02,21.0
2026-05-01 07:52:03,16.0
2026-05-01 07:52:04,11.5
2026-05-01 07:52:05,8.0
2026-05-01 07:52:06,8.0
2026-05-01 07:52:07,8.0
2026-05-01 07:52:08,8.0
2026-05-01 07:52:09,8.0
2026-05-01 07:52:10,8.0
2026-05-01 07:52:11,8.0
2026-05-01 07:52:12,8.0
2026-05-01 07:52:13,8.5
2026-05-01 07:52:14,10.0
2026-05-01 07:52:15,11.5
2026-05-01 07:52:16,12.0
2026-05-01 07:52:17,9.055555555555555
2026-05-01 07:52:18,9.277777777777777
2026-05-01 07:52:19,9.444444444444445
2026-05-01 07:52:20,9.61111111111111
2026-05-01 07:52:21,9.77777777777778
2026-05-01 07:52:22,9.944444444444445
2026-05-01 07:52:23,8.5
2026-05-01 07:52:24,10.0
2026-05-01 07:52:25,15.0
2026-05-01 07:52:26,18.5
2026-05-01 07:52:27,21.0
2026-05-01 07:52:28,23.5
2026-05-01 07:52:29,25.0
2026-05-01 07:52:30,26.5
2026-05-01 07:52:31,24.0
2026-05-01 07:52:32,16.5
2026-05-01 07:52:33,10.0
2026-05-01 07:52:34,9.0
2026-05-01 07:52:35,8.125
2026-05-01 07:52:36,8.5
2026-05-01 07:52:37,8.875
2026-05-01 07:52:38,10.5
2026-05-01 07:52:39,12.0
2026-05-01 07:52:40,12.5
2026-05-01 07:52:41,13.0
2026-05-01 07:52:42,13.0
2026-05-01 07:52:43,12.0
2026-05-01 07:52:44,8.0
2026-05-01 07:52:45,8.5
2026-05-01 07:52:46,10.5
2026-05-01 07:52:47,14.0
2026-05-01 07:52:48,15.5
2026-05-01 07:52:49,18.0
2026-05-01 07:52:50,18.0
2026-05-01 07:52:51,18.0
2026-05-01 07:52:52,19.0
2026-05-01 07:52:53,18.0
2026-05-01 07:52:54,17.0
2026-05-01 07:52:55,17.0
2026-05-01 07:52:56,14.0
2026-05-01 07:52:57,17.0
2026-05-01 07:52:58,20.0
2026-05-01 07:52:59,22.0
2026-05-01 07:53:00,22.0
2026-05-01 07:53:01,21.0
2026-05-01 07:53:02,15.0
2026-05-01 07:53:03,15.5
2026-05-01 07:53:04,17.0
2026-05-01 07:53:05,17.5
2026-05-01 07:53:06,18.5
2026-05-01 07:53:07,20.0
2026-05-01 07:53:08,21.0
2026-05-01 07:53:09,22.0
2026-05-01 07:53:10,23.0
2026-05-01 07:53:11,17.0
2026-05-01 07:53:12,12.0
2026-05-01 07:53:13,8.944444444444445
2026-05-01 07:53:14,8.777777777777779
2026-05-01 07:53:15,8.61111111111111
2026-05-01 07:53:16,8.38888888888889
2026-05-01 07:53:17,8.222222222222221
2026-05-01 07:53:18,8.055555555555555
2026-05-01 07:53:19,11.0
2026-05-01 07:53:20,13.5
2026-05-01 07:53:21,15.5
2026-05-01 07:53:22,17.0
2026-05-01 07:53:23,16.5
2026-05-01 07:53:24,15.5
2026-05-01 07:53:25,15.0
2026-05-01 07:53:26,10.5
2026-05-01 07:53:27,9.0
2026-05-01 07:53:28,9.0
2026-05-01 07:53:29,9.2
2026-05-01 07:53:30,10.4
2026-05-01 07:53:31,11.6
2026-05-01 07:53:32,13.0
2026-05-01 07:53:33,9.833333333333332
2026-05-01 07:53:34,9.166666666666668
2026-05-01 07:53:35,8.666666666666666
2026-05-01 07:53:36,8.166666666666668
2026-05-01 07:53:37,11.0
2026-05-01 07:53:38,12.5
2026-05-01 07:53:39,15.5
2026-05-01 07:53:40,16.0
2026-05-01 07:53:41,17.0
2026-05-01 07:53:42,16.0
2026-05-01 07:53:43,17.0
2026-05-01 07:53:44,19.5
2026-05-01 07:53:45,21.0
2026-05-01 07:53:46,21.5
2026-05-01 07:53:47,22.0
2026-05-01 07:53:48,22.0
2026-05-01 07:53:49,20.5
2026-05-01 07:53:50,20.0
2026-05-01 07:53:51,21.0
2026-05-01 07:53:52,20.0
2026-05-01 07:53:53,16.5
2026-05-01 07:53:54,10.0
2026-05-01 07:53:55,9.4
2026-05-01 07:53:56,10.0
2026-05-01 07:53:57,10.6
2026-05-01 07:53:58,11.5
2026-05-01 07:53:59,13.5
2026-05-01 07:54:00,15.0
2026-05-01 07:54:01,14.0
2026-05-01 07:54:02,10.0
2026-05-01 07:54:03,10.0
2026-05-01 07:54:04,8.15
2026-05-01 07:54:05,8.6
2026-05-01 07:54:06,9.05
2026-05-01 07:54:07,9.65
2026-05-01 07:54:08,10.1
2026-05-01 07:54:09,10.55
2026-05-01 07:54:10,11.0
2026-05-01 07:54:11,11.5
2026-05-01 07:54:12,13.5
2026-05-01 07:54:13,15.0
2026-05-01 07:54:14,14.5
2026-05-01 07:54:15,10.0
2026-05-01 07:54:16,8.03125
2026-05-01 07:54:17,8.15625
2026-05-01 07:54:18,8.25
2026-05-01 07:54:19,8.34375
2026-05-01 07:54:20,8.4375
2026-05-01 07:54:21,8.53125
2026-05-01 07:54:22,8.65625
2026-05-01 07:54:23,8.75
2026-05-01 07:54:24,8.84375
2026-05-01 07:54:25,8.96875
2026-05-01 07:54:26,10.0
2026-05-01 07:54:27,13.0
2026-05-01 07:54:28,15.0
2026-05-01 07:54:29,16.5
2026-05-01 07:54:30,18.5
2026-05-01 07:54:31,20.0
2026-05-01 07:54:32,21.5
2026-05-01 07:54:33,23.0
2026-05-01 07:54:34,24.5
2026-05-01 07:54:35,26.0
2026-05-01 07:54:36,26.5
2026-05-01 07:54:37,27.0
2026-05-01 07:54:38,28.0
2026-05-01 07:54:39,27.5
2026-05-01 07:54:40,25.0
2026-05-01 07:54:41,26.5
2026-05-01 07:54:42,27.0
2026-05-01 07:54:43,26.0
2026-05-01 07:54:44,24.5
2026-05-01 07:54:45,22.5
2026-05-01 07:54:46,21.0
2026-05-01 07:54:47,20.0
2026-05-01 07:54:48,18.0
2026-05-01 07:54:49,15.0
2026-05-01 07:54:50,9.0
2026-05-01 07:54:51,8.166666666666666
2026-05-01 07:54:52,8.416666666666668
2026-05-01 07:54:53,8.666666666666666
2026-05-01 07:54:54,8.916666666666668
2026-05-01 07:54:55,9.25
2026-05-01 07:54:56,9.5
2026-05-01 07:54:57,9.75
2026-05-01 07:54:58,10.0
2026-05-01 07:54:59,12.5
2026-05-01 07:55:00,15.166666666666668
2026-05-01 07:55:01,15.666666666666666
2026-05-01 07:55:02,16.166666666666664
2026-05-01 07:55:03,16.666666666666668
2026-05-01 07:55:04,16.5
2026-05-01 07:55:05,10.5
2026-05-01 07:55:06,9.033333333333331
2026-05-01 07:55:07,9.083333333333332
2026-05-01 07:55:08,9.133333333333333
2026-05-01 07:55:09,9.183333333333334
2026-05-01 07:55:10,9.25
2026-05-01 07:55:11,9.3
2026-05-01 07:55:12,9.333333333333334
2026-05-01 07:55:13,9.38888888888889
2026-05-01 07:55:14,9.444444444444445
2026-05-01 07:55:15,
2026-05-01 07:55:16,
2026-05-01 07:55:17,
2026-05-01 07:55:18,9.666666666666666
2026-05-01 07:55:19,9.716666666666665
2026-05-01 07:55:20,9.783333333333333
2026-05-01 07:55:21,9.833333333333334
2026-05-01 07:55:22,9.883333333333333
2026-05-01 07:55:23,9.933333333333334
2026-05-01 07:55:24,9.983333333333334
2026-05-01 07:55:25,9.0
2026-05-01 07:55:26,9.0
