log_time,heart_rate
2026-04-23 06:04:21,78.0
2026-04-23 06:04:22,76.5
2026-04-23 06:04:23,75.0
2026-04-23 06:04:24,73.5
2026-04-23 06:04:25,73.0
2026-04-23 06:04:26,74.0
2026-04-23 06:04:27,73.78571428571428
2026-04-23 06:04:28,73.57142857142857
2026-04-23 06:04:29,73.35714285714286
2026-04-23 06:04:30,73.07142857142857
2026-04-23 06:04:31,73.0
2026-04-23 06:04:32,73.0
2026-04-23 06:04:33,73.5
2026-04-23 06:04:34,73.0
2026-04-23 06:04:35,72.0
2026-04-23 06:04:36,72.0
2026-04-23 06:04:37,72.0
2026-04-23 06:04:38,72.0
2026-04-23 06:04:39,72.0
2026-04-23 06:04:40,72.0
2026-04-23 06:04:41,
2026-04-23 06:04:42,
2026-04-23 06:04:43,
2026-04-23 06:04:44,
2026-04-23 06:04:45,
2026-04-23 06:04:46,
2026-04-23 06:04:47,
2026-04-23 06:04:48,
2026-04-23 06:04:49,
2026-04-23 06:04:50,
2026-04-23 06:04:51,
2026-04-23 06:04:52,
2026-04-23 06:04:53,
2026-04-23 06:04:54,
2026-04-23 06:04:55,
2026-04-23 06:04:56,
2026-04-23 06:04:57,
2026-04-23 06:04:58,
2026-04-23 06:04:59,
2026-04-23 06:05:00,
2026-04-23 06:05:01,
2026-04-23 06:05:02,
2026-04-23 06:05:03,
2026-04-23 06:05:04,
2026-04-23 06:05:05,
2026-04-23 06:05:06,
2026-04-23 06:05:07,
2026-04-23 06:05:08,
2026-04-23 06:05:09,
2026-04-23 06:05:10,
2026-04-23 06:05:11,
2026-04-23 06:05:12,
2026-04-23 06:05:13,
2026-04-23 06:05:14,
2026-04-23 06:05:15,
2026-04-23 06:05:16,
2026-04-23 06:05:17,
2026-04-23 06:05:18,
2026-04-23 06:05:19,
2026-04-23 06:05:20,
2026-04-23 06:05:21,
2026-04-23 06:05:22,
2026-04-23 06:05:23,
2026-04-23 06:05:24,
2026-04-23 06:05:25,
2026-04-23 06:05:26,
2026-04-23 06:05:27,
2026-04-23 06:05:28,
2026-04-23 06:05:29,
2026-04-23 06:05:30,
2026-04-23 06:05:31,
2026-04-23 06:05:32,
2026-04-23 06:05:33,
2026-04-23 06:05:34,
2026-04-23 06:05:35,
2026-04-23 06:05:36,
2026-04-23 06:05:37,
2026-04-23 06:05:38,
2026-04-23 06:05:39,
2026-04-23 06:05:40,
2026-04-23 06:05:41,
2026-04-23 06:05:42,
2026-04-23 06:05:43,
2026-04-23 06:05:44,
2026-04-23 06:05:45,
2026-04-23 06:05:46,
2026-04-23 06:05:47,
2026-04-23 06:05:48,
2026-04-23 06:05:49,
2026-04-23 06:05:50,
2026-04-23 06:05:51,
2026-04-23 06:05:52,
2026-04-23 06:05:53,
2026-04-23 06:05:54,
2026-04-23 06:05:55,
2026-04-23 06:05:56,
2026-04-23 06:05:57,
2026-04-23 06:05:58,
2026-04-23 06:05:59,
2026-04-23 06:06:00,
2026-04-23 06:06:01,
2026-04-23 06:06:02,
2026-04-23 06:06:03,
2026-04-23 06:06:04,
2026-04-23 06:06:05,
2026-04-23 06:06:06,
2026-04-23 06:06:07,
2026-04-23 06:06:08,
2026-04-23 06:06:09,
2026-04-23 06:06:10,
2026-04-23 06:06:11,
2026-04-23 06:06:12,
2026-04-23 06:06:13,
2026-04-23 06:06:14,
2026-04-23 06:06:15,
2026-04-23 06:06:16,
2026-04-23 06:06:17,
2026-04-23 06:06:18,
2026-04-23 06:06:19,
2026-04-23 06:06:20,
2026-04-23 06:06:21,
2026-04-23 06:06:22,
2026-04-23 06:06:23,
2026-04-23 06:06:24,
2026-04-23 06:06:25,
2026-04-23 06:06:26,
2026-04-23 06:06:27,
2026-04-23 06:06:28,
2026-04-23 06:06:29,
2026-04-23 06:06:30,
2026-04-23 06:06:31,
2026-04-23 06:06:32,
2026-04-23 06:06:33,
2026-04-23 06:06:34,
2026-04-23 06:06:35,
2026-04-23 06:06:36,
2026-04-23 06:06:37,
2026-04-23 06:06:38,
2026-04-23 06:06:39,
2026-04-23 06:06:40,
2026-04-23 06:06:41,
2026-04-23 06:06:42,
2026-04-23 06:06:43,
2026-04-23 06:06:44,
2026-04-23 06:06:45,
2026-04-23 06:06:46,
2026-04-23 06:06:47,
2026-04-23 06:06:48,
2026-04-23 06:06:49,
2026-04-23 06:06:50,
2026-04-23 06:06:51,
2026-04-23 06:06:52,
2026-04-23 06:06:53,
2026-04-23 06:06:54,
2026-04-23 06:06:55,
2026-04-23 06:06:56,
2026-04-23 06:06:57,
2026-04-23 06:06:58,
2026-04-23 06:06:59,
2026-04-23 06:07:00,
2026-04-23 06:07:01,
2026-04-23 06:07:02,
2026-04-23 06:07:03,
2026-04-23 06:07:04,
2026-04-23 06:07:05,
2026-04-23 06:07:06,72.0
2026-04-23 06:07:07,72.0
2026-04-23 06:07:08,72.0
2026-04-23 06:07:09,74.0
2026-04-23 06:07:10,76.0
2026-04-23 06:07:11,77.5
2026-04-23 06:07:12,79.0
2026-04-23 06:07:13,81.0
2026-04-23 06:07:14,84.5
2026-04-23 06:07:15,87.0
2026-04-23 06:07:16,87.0
2026-04-23 06:07:17,87.0
2026-04-23 06:07:18,88.0
2026-04-23 06:07:19,89.0
2026-04-23 06:07:20,91.5
2026-04-23 06:07:21,94.0
2026-04-23 06:07:22,95.0
2026-04-23 06:07:23,99.0
2026-04-23 06:07:24,103.0
2026-04-23 06:07:25,106.0
2026-04-23 06:07:26,108.5
2026-04-23 06:07:27,112.5
2026-04-23 06:07:28,115.0
2026-04-23 06:07:29,117.5
2026-04-23 06:07:30,117.0
2026-04-23 06:07:31,117.0
2026-04-23 06:07:32,114.5
2026-04-23 06:07:33,107.5
2026-04-23 06:07:34,102.0
2026-04-23 06:07:35,97.5
2026-04-23 06:07:36,93.0
2026-04-23 06:07:37,91.97014925373135
2026-04-23 06:07:38,91.88805970149254
2026-04-23 06:07:39,91.75430539609644
2026-04-23 06:07:40,91.62055109070035
2026-04-23 06:07:41,
2026-04-23 06:07:42,
2026-04-23 06:07:43,
2026-04-23 06:07:44,
2026-04-23 06:07:45,
2026-04-23 06:07:46,
2026-04-23 06:07:47,
2026-04-23 06:07:48,
2026-04-23 06:07:49,
2026-04-23 06:07:50,
2026-04-23 06:07:51,90.14925373134328
2026-04-23 06:07:52,90.07462686567163
2026-04-23 06:07:53,89.0
2026-04-23 06:07:54,87.5
2026-04-23 06:07:55,89.0
2026-04-23 06:07:56,87.5
2026-04-23 06:07:57,85.0
2026-04-23 06:07:58,83.5
2026-04-23 06:07:59,83.0
2026-04-23 06:08:00,81.0
2026-04-23 06:08:01,79.5
2026-04-23 06:08:02,77.97
2026-04-23 06:08:03,77.915
2026-04-23 06:08:04,77.82333333333334
2026-04-23 06:08:05,77.73166666666667
2026-04-23 06:08:06,
2026-04-23 06:08:07,
2026-04-23 06:08:08,
2026-04-23 06:08:09,
2026-04-23 06:08:10,
2026-04-23 06:08:11,
2026-04-23 06:08:12,77.08999999999999
2026-04-23 06:08:13,77.03999999999999
2026-04-23 06:08:14,77.0
2026-04-23 06:08:15,78.0
2026-04-23 06:08:16,82.0
2026-04-23 06:08:17,88.5
2026-04-23 06:08:18,93.0
2026-04-23 06:08:19,98.0
2026-04-23 06:08:20,102.0
2026-04-23 06:08:21,104.5
2026-04-23 06:08:22,108.5
2026-04-23 06:08:23,111.0
2026-04-23 06:08:24,112.5
2026-04-23 06:08:25,108.0
2026-04-23 06:08:26,110.0
2026-04-23 06:08:27,110.0
2026-04-23 06:08:28,106.0
2026-04-23 06:08:29,100.0
2026-04-23 06:08:30,94.5
2026-04-23 06:08:31,94.0
2026-04-23 06:08:32,93.0
2026-04-23 06:08:33,93.0
2026-04-23 06:08:34,92.0
2026-04-23 06:08:35,90.0
2026-04-23 06:08:36,89.0
2026-04-23 06:08:37,89.0
2026-04-23 06:08:38,90.0
2026-04-23 06:08:39,91.0
2026-04-23 06:08:40,94.5
2026-04-23 06:08:41,99.0
2026-04-23 06:08:42,103.0
2026-04-23 06:08:43,107.0
2026-04-23 06:08:44,110.0
2026-04-23 06:08:45,112.0
2026-04-23 06:08:46,113.0
2026-04-23 06:08:47,114.5
2026-04-23 06:08:48,116.0
2026-04-23 06:08:49,116.5
2026-04-23 06:08:50,111.5
2026-04-23 06:08:51,107.0
2026-04-23 06:08:52,102.5
2026-04-23 06:08:53,101.5
2026-04-23 06:08:54,100.0
2026-04-23 06:08:55,101.5
2026-04-23 06:08:56,105.5
2026-04-23 06:08:57,104.0
2026-04-23 06:08:58,102.0
2026-04-23 06:08:59,101.5
2026-04-23 06:09:00,104.0
2026-04-23 06:09:01,105.0
2026-04-23 06:09:02,108.0
2026-04-23 06:09:03,111.0
2026-04-23 06:09:04,109.0
2026-04-23 06:09:05,105.0
2026-04-23 06:09:06,106.0
2026-04-23 06:09:07,106.5
2026-04-23 06:09:08,108.5
2026-04-23 06:09:09,110.0
2026-04-23 06:09:10,109.5
2026-04-23 06:09:11,109.0
2026-04-23 06:09:12,107.0
2026-04-23 06:09:13,104.0
2026-04-23 06:09:14,101.0
2026-04-23 06:09:15,98.93801652892563
2026-04-23 06:09:16,98.80165289256198
2026-04-23 06:09:17,98.58471074380165
2026-04-23 06:09:18,98.36776859504131
2026-04-23 06:09:19,
2026-04-23 06:09:20,
2026-04-23 06:09:21,
2026-04-23 06:09:22,
2026-04-23 06:09:23,
2026-04-23 06:09:24,
2026-04-23 06:09:25,
2026-04-23 06:09:26,
2026-04-23 06:09:27,
2026-04-23 06:09:28,96.19834710743802
2026-04-23 06:09:29,96.06198347107437
2026-04-23 06:09:30,95.5
2026-04-23 06:09:31,94.0
2026-04-23 06:09:32,91.0
2026-04-23 06:09:33,88.0
2026-04-23 06:09:34,87.0
2026-04-23 06:09:35,86.0
2026-04-23 06:09:36,87.0
2026-04-23 06:09:37,87.0
2026-04-23 06:09:38,87.0
2026-04-23 06:09:39,88.0
2026-04-23 06:09:40,89.5
2026-04-23 06:09:41,90.5
2026-04-23 06:09:42,93.0
2026-04-23 06:09:43,95.0
2026-04-23 06:09:44,93.0
2026-04-23 06:09:45,92.0
2026-04-23 06:09:46,92.0
2026-04-23 06:09:47,92.0
2026-04-23 06:09:48,92.0
2026-04-23 06:09:49,
2026-04-23 06:09:50,
2026-04-23 06:09:51,
2026-04-23 06:09:52,
2026-04-23 06:09:53,
2026-04-23 06:09:54,
2026-04-23 06:09:55,
2026-04-23 06:09:56,
2026-04-23 06:09:57,
2026-04-23 06:09:58,
2026-04-23 06:09:59,
2026-04-23 06:10:00,
2026-04-23 06:10:01,
2026-04-23 06:10:02,
2026-04-23 06:10:03,
2026-04-23 06:10:04,
2026-04-23 06:10:05,
2026-04-23 06:10:06,
2026-04-23 06:10:07,
2026-04-23 06:10:08,92.0
2026-04-23 06:10:09,92.0
2026-04-23 06:10:10,92.0
2026-04-23 06:10:11,94.0
2026-04-23 06:10:12,95.0
2026-04-23 06:10:13,96.0
2026-04-23 06:10:14,94.5
2026-04-23 06:10:15,93.0
2026-04-23 06:10:16,94.0
2026-04-23 06:10:17,92.5
2026-04-23 06:10:18,91.0
2026-04-23 06:10:19,87.0
2026-04-23 06:10:20,84.0
2026-04-23 06:10:21,83.0
2026-04-23 06:10:22,86.0
2026-04-23 06:10:23,86.0
2026-04-23 06:10:24,88.0
2026-04-23 06:10:25,90.5
2026-04-23 06:10:26,91.0
2026-04-23 06:10:27,88.5
2026-04-23 06:10:28,87.0
2026-04-23 06:10:29,87.0
2026-04-23 06:10:30,85.5
2026-04-23 06:10:31,83.5
2026-04-23 06:10:32,82.0
2026-04-23 06:10:33,82.0
2026-04-23 06:10:34,82.0
2026-04-23 06:10:35,83.0
2026-04-23 06:10:36,83.0
2026-04-23 06:10:37,83.0
2026-04-23 06:10:38,82.0
2026-04-23 06:10:39,80.5
2026-04-23 06:10:40,83.0
2026-04-23 06:10:41,86.0
2026-04-23 06:10:42,90.0
2026-04-23 06:10:43,91.0
2026-04-23 06:10:44,92.5
2026-04-23 06:10:45,94.0
2026-04-23 06:10:46,94.0
2026-04-23 06:10:47,94.0
2026-04-23 06:10:48,94.5
2026-04-23 06:10:49,93.0
2026-04-23 06:10:50,94.5
2026-04-23 06:10:51,97.0
2026-04-23 06:10:52,99.0
2026-04-23 06:10:53,101.0
2026-04-23 06:10:54,105.0
2026-04-23 06:10:55,105.0
2026-04-23 06:10:56,101.5
2026-04-23 06:10:57,94.0
2026-04-23 06:10:58,91.0
2026-04-23 06:10:59,89.0
2026-04-23 06:11:00,86.5
2026-04-23 06:11:01,87.0
2026-04-23 06:11:02,88.0
2026-04-23 06:11:03,89.0
2026-04-23 06:11:04,90.0
2026-04-23 06:11:05,87.5
2026-04-23 06:11:06,88.0
2026-04-23 06:11:07,90.0
2026-04-23 06:11:08,89.5
2026-04-23 06:11:09,93.0
2026-04-23 06:11:10,96.0
2026-04-23 06:11:11,101.5
2026-04-23 06:11:12,106.5
2026-04-23 06:11:13,111.0
2026-04-23 06:11:14,113.0
2026-04-23 06:11:15,115.5
2026-04-23 06:11:16,117.0
2026-04-23 06:11:17,118.0
2026-04-23 06:11:18,119.0
2026-04-23 06:11:19,118.0
2026-04-23 06:11:20,118.0
2026-04-23 06:11:21,118.0
2026-04-23 06:11:22,114.5
2026-04-23 06:11:23,111.0
2026-04-23 06:11:24,110.0
2026-04-23 06:11:25,110.5
2026-04-23 06:11:26,111.0
2026-04-23 06:11:27,110.0
2026-04-23 06:11:28,107.5
2026-04-23 06:11:29,102.0
2026-04-23 06:11:30,99.0
2026-04-23 06:11:31,99.0
2026-04-23 06:11:32,103.0
2026-04-23 06:11:33,106.0
2026-04-23 06:11:34,108.5
2026-04-23 06:11:35,111.0
2026-04-23 06:11:36,114.0
2026-04-23 06:11:37,116.0
2026-04-23 06:11:38,117.0
2026-04-23 06:11:39,116.0
2026-04-23 06:11:40,117.5
2026-04-23 06:11:41,119.0
2026-04-23 06:11:42,120.5
2026-04-23 06:11:43,122.5
2026-04-23 06:11:44,124.0
2026-04-23 06:11:45,125.5
2026-04-23 06:11:46,118.0
2026-04-23 06:11:47,115.76923076923077
2026-04-23 06:11:48,115.53846153846152
2026-04-23 06:11:49,115.1153846153846
2026-04-23 06:11:50,114.69230769230768
2026-04-23 06:11:51,
2026-04-23 06:11:52,
2026-04-23 06:11:53,
2026-04-23 06:11:54,
2026-04-23 06:11:55,
2026-04-23 06:11:56,
2026-04-23 06:11:57,
2026-04-23 06:11:58,
2026-04-23 06:11:59,
2026-04-23 06:12:00,110.46153846153848
2026-04-23 06:12:01,110.25384615384615
2026-04-23 06:12:02,110.02307692307693
2026-04-23 06:12:03,105.0
2026-04-23 06:12:04,99.0
2026-04-23 06:12:05,94.5
2026-04-23 06:12:06,94.5
2026-04-23 06:12:07,95.0
2026-04-23 06:12:08,94.0
2026-04-23 06:12:09,92.0
2026-04-23 06:12:10,94.0
2026-04-23 06:12:11,96.0
2026-04-23 06:12:12,96.0
2026-04-23 06:12:13,95.5
2026-04-23 06:12:14,95.0
2026-04-23 06:12:15,93.5
2026-04-23 06:12:16,91.0
2026-04-23 06:12:17,87.0
2026-04-23 06:12:18,86.5
2026-04-23 06:12:19,85.0
2026-04-23 06:12:20,84.0
2026-04-23 06:12:21,84.0
2026-04-23 06:12:22,84.0
2026-04-23 06:12:23,82.0
2026-04-23 06:12:24,78.5
2026-04-23 06:12:25,77.0
2026-04-23 06:12:26,76.5
2026-04-23 06:12:27,76.0
2026-04-23 06:12:28,76.0
2026-04-23 06:12:29,75.5
2026-04-23 06:12:30,74.85714285714286
2026-04-23 06:12:31,74.64285714285714
2026-04-23 06:12:32,74.35714285714286
2026-04-23 06:12:33,74.14285714285714
2026-04-23 06:12:34,73.5
2026-04-23 06:12:35,72.0
2026-04-23 06:12:36,70.0
2026-04-23 06:12:37,69.5
2026-04-23 06:12:38,73.0
2026-04-23 06:12:39,76.5
2026-04-23 06:12:40,78.0
2026-04-23 06:12:41,83.5
2026-04-23 06:12:42,91.0
2026-04-23 06:12:43,96.0
2026-04-23 06:12:44,98.0
2026-04-23 06:12:45,99.0
2026-04-23 06:12:46,98.0
2026-04-23 06:12:47,94.5
2026-04-23 06:12:48,91.0
2026-04-23 06:12:49,85.5
2026-04-23 06:12:50,80.5
2026-04-23 06:12:51,76.0
2026-04-23 06:12:52,73.0
2026-04-23 06:12:53,70.0
2026-04-23 06:12:54,68.0
2026-04-23 06:12:55,65.5
2026-04-23 06:12:56,69.0
2026-04-23 06:12:57,75.5
2026-04-23 06:12:58,85.0
2026-04-23 06:12:59,90.0
2026-04-23 06:13:00,95.5
2026-04-23 06:13:01,100.5
2026-04-23 06:13:02,100.0
2026-04-23 06:13:03,100.0
2026-04-23 06:13:04,101.0
2026-04-23 06:13:05,100.0
2026-04-23 06:13:06,97.5
2026-04-23 06:13:07,99.0
2026-04-23 06:13:08,100.5
2026-04-23 06:13:09,100.0
2026-04-23 06:13:10,100.0
2026-04-23 06:13:11,101.0
2026-04-23 06:13:12,98.5
2026-04-23 06:13:13,96.0
2026-04-23 06:13:14,93.5
2026-04-23 06:13:15,93.0
2026-04-23 06:13:16,91.0
2026-04-23 06:13:17,90.5
2026-04-23 06:13:18,90.0
2026-04-23 06:13:19,92.0
2026-04-23 06:13:20,97.5
2026-04-23 06:13:21,98.0
2026-04-23 06:13:22,98.5
2026-04-23 06:13:23,100.5
2026-04-23 06:13:24,103.0
2026-04-23 06:13:25,103.0
2026-04-23 06:13:26,103.0
2026-04-23 06:13:27,103.5
2026-04-23 06:13:28,105.5
2026-04-23 06:13:29,107.0
2026-04-23 06:13:30,105.5
2026-04-23 06:13:31,104.0
2026-04-23 06:13:32,102.0
2026-04-23 06:13:33,100.5
2026-04-23 06:13:34,99.0
2026-04-23 06:13:35,101.0
2026-04-23 06:13:36,105.0
2026-04-23 06:13:37,108.0
2026-04-23 06:13:38,110.5
2026-04-23 06:13:39,112.0
2026-04-23 06:13:40,115.0
2026-04-23 06:13:41,118.0
2026-04-23 06:13:42,119.0
2026-04-23 06:13:43,120.5
2026-04-23 06:13:44,122.5
2026-04-23 06:13:45,123.0
2026-04-23 06:13:46,123.0
2026-04-23 06:13:47,118.5
2026-04-23 06:13:48,113.0
2026-04-23 06:13:49,107.89999999999999
2026-04-23 06:13:50,107.71666666666667
2026-04-23 06:13:51,107.41666666666667
2026-04-23 06:13:52,107.11666666666667
2026-04-23 06:13:53,
2026-04-23 06:13:54,
2026-04-23 06:13:55,106.21666666666667
2026-04-23 06:13:56,106.04999999999998
2026-04-23 06:13:57,105.0
2026-04-23 06:13:58,104.0
2026-04-23 06:13:59,101.5
2026-04-23 06:14:00,98.0
2026-04-23 06:14:01,93.5
2026-04-23 06:14:02,89.0
2026-04-23 06:14:03,86.0
2026-04-23 06:14:04,83.0
2026-04-23 06:14:05,79.0
2026-04-23 06:14:06,77.0
2026-04-23 06:14:07,76.0
2026-04-23 06:14:08,74.5
2026-04-23 06:14:09,73.0
2026-04-23 06:14:10,72.5
2026-04-23 06:14:11,71.5
2026-04-23 06:14:12,70.0
2026-04-23 06:14:13,69.0
2026-04-23 06:14:14,74.0
2026-04-23 06:14:15,76.0
2026-04-23 06:14:16,75.0
2026-04-23 06:14:17,75.0
2026-04-23 06:14:18,79.0
2026-04-23 06:14:19,83.0
2026-04-23 06:14:20,86.0
2026-04-23 06:14:21,87.0
2026-04-23 06:14:22,89.5
2026-04-23 06:14:23,93.0
2026-04-23 06:14:24,95.0
2026-04-23 06:14:25,97.5
2026-04-23 06:14:26,99.0
2026-04-23 06:14:27,99.5
2026-04-23 06:14:28,100.0
2026-04-23 06:14:29,99.5
2026-04-23 06:14:30,101.5
2026-04-23 06:14:31,102.66666666666667
2026-04-23 06:14:32,103.66666666666666
2026-04-23 06:14:33,105.5
2026-04-23 06:14:34,106.5
2026-04-23 06:14:35,108.0
2026-04-23 06:14:36,109.0
2026-04-23 06:14:37,107.5
2026-04-23 06:14:38,103.0
2026-04-23 06:14:39,97.0
2026-04-23 06:14:40,91.0
2026-04-23 06:14:41,85.5
2026-04-23 06:14:42,82.0
2026-04-23 06:14:43,83.0
2026-04-23 06:14:44,86.5
2026-04-23 06:14:45,91.5
2026-04-23 06:14:46,96.0
2026-04-23 06:14:47,98.0
2026-04-23 06:14:48,100.0
2026-04-23 06:14:49,100.0
2026-04-23 06:14:50,102.0
2026-04-23 06:14:51,103.0
2026-04-23 06:14:52,102.78571428571429
2026-04-23 06:14:53,102.5
2026-04-23 06:14:54,102.28571428571428
2026-04-23 06:14:55,102.07142857142857
2026-04-23 06:14:56,103.0
2026-04-23 06:14:57,104.0
2026-04-23 06:14:58,104.0
2026-04-23 06:14:59,102.0
2026-04-23 06:15:00,100.0
2026-04-23 06:15:01,98.5
2026-04-23 06:15:02,96.0
2026-04-23 06:15:03,95.0
2026-04-23 06:15:04,93.5
2026-04-23 06:15:05,91.0
2026-04-23 06:15:06,91.0
2026-04-23 06:15:07,90.5
2026-04-23 06:15:08,92.0
2026-04-23 06:15:09,93.0
2026-04-23 06:15:10,95.0
2026-04-23 06:15:11,94.5
2026-04-23 06:15:12,97.0
2026-04-23 06:15:13,96.0
2026-04-23 06:15:14,96.0
2026-04-23 06:15:15,97.5
2026-04-23 06:15:16,101.0
2026-04-23 06:15:17,104.0
2026-04-23 06:15:18,107.0
2026-04-23 06:15:19,110.0
2026-04-23 06:15:20,113.0
2026-04-23 06:15:21,116.0
2026-04-23 06:15:22,117.0
2026-04-23 06:15:23,118.5
2026-04-23 06:15:24,117.0
2026-04-23 06:15:25,116.83333333333331
2026-04-23 06:15:26,116.61111111111111
2026-04-23 06:15:27,116.44444444444444
2026-04-23 06:15:28,116.27777777777777
2026-04-23 06:15:29,116.05555555555556
2026-04-23 06:15:30,115.0
2026-04-23 06:15:31,113.5
2026-04-23 06:15:32,111.0
2026-04-23 06:15:33,108.5
2026-04-23 06:15:34,106.0
2026-04-23 06:15:35,103.0
2026-04-23 06:15:36,99.0
2026-04-23 06:15:37,100.0
2026-04-23 06:15:38,100.0
2026-04-23 06:15:39,100.0
2026-04-23 06:15:40,103.0
2026-04-23 06:15:41,106.0
2026-04-23 06:15:42,107.0
2026-04-23 06:15:43,107.0
2026-04-23 06:15:44,103.0
2026-04-23 06:15:45,99.0
2026-04-23 06:15:46,97.0
2026-04-23 06:15:47,94.0
2026-04-23 06:15:48,92.0
2026-04-23 06:15:49,90.5
2026-04-23 06:15:50,88.0
2026-04-23 06:15:51,87.0
2026-04-23 06:15:52,83.5
2026-04-23 06:15:53,79.0
2026-04-23 06:15:54,75.0
2026-04-23 06:15:55,72.5
2026-04-23 06:15:56,70.0
2026-04-23 06:15:57,69.0
2026-04-23 06:15:58,70.5
2026-04-23 06:15:59,72.5
2026-04-23 06:16:00,77.0
2026-04-23 06:16:01,79.5
2026-04-23 06:16:02,81.0
2026-04-23 06:16:03,83.0
2026-04-23 06:16:04,86.5
2026-04-23 06:16:05,86.0
2026-04-23 06:16:06,83.5
2026-04-23 06:16:07,81.5
2026-04-23 06:16:08,80.0
2026-04-23 06:16:09,78.0
2026-04-23 06:16:10,80.0
2026-04-23 06:16:11,82.5
2026-04-23 06:16:12,86.0
2026-04-23 06:16:13,89.0
2026-04-23 06:16:14,91.5
2026-04-23 06:16:15,95.0
2026-04-23 06:16:16,98.0
2026-04-23 06:16:17,100.0
2026-04-23 06:16:18,95.0
2026-04-23 06:16:19,90.0
2026-04-23 06:16:20,89.5
2026-04-23 06:16:21,89.5
2026-04-23 06:16:22,89.0
2026-04-23 06:16:23,87.5
2026-04-23 06:16:24,88.0
2026-04-23 06:16:25,88.0
2026-04-23 06:16:26,85.5
2026-04-23 06:16:27,83.0
2026-04-23 06:16:28,80.0
2026-04-23 06:16:29,77.2
2026-04-23 06:16:30,74.0
2026-04-23 06:16:31,75.0
2026-04-23 06:16:32,78.0
2026-04-23 06:16:33,77.0
2026-04-23 06:16:34,78.5
2026-04-23 06:16:35,81.0
2026-04-23 06:16:36,84.0
2026-04-23 06:16:37,88.0
2026-04-23 06:16:38,93.0
2026-04-23 06:16:39,94.5
2026-04-23 06:16:40,95.5
2026-04-23 06:16:41,96.0
2026-04-23 06:16:42,95.0
2026-04-23 06:16:43,93.0
2026-04-23 06:16:44,92.5
2026-04-23 06:16:45,94.5
2026-04-23 06:16:46,97.0
2026-04-23 06:16:47,97.5
2026-04-23 06:16:48,98.0
2026-04-23 06:16:49,99.5
2026-04-23 06:16:50,98.5
2026-04-23 06:16:51,99.0
2026-04-23 06:16:52,101.0
2026-04-23 06:16:53,100.5
2026-04-23 06:16:54,98.0
2026-04-23 06:16:55,98.0
2026-04-23 06:16:56,101.0
2026-04-23 06:16:57,103.5
2026-04-23 06:16:58,106.5
2026-04-23 06:16:59,108.0
2026-04-23 06:17:00,109.5
2026-04-23 06:17:01,111.5
2026-04-23 06:17:02,113.0
2026-04-23 06:17:03,114.5
2026-04-23 06:17:04,116.5
2026-04-23 06:17:05,116.0
2026-04-23 06:17:06,113.0
2026-04-23 06:17:07,109.5
2026-04-23 06:17:08,106.0
2026-04-23 06:17:09,106.5
2026-04-23 06:17:10,108.5
2026-04-23 06:17:11,110.0
2026-04-23 06:17:12,111.0
2026-04-23 06:17:13,109.0
2026-04-23 06:17:14,104.0
2026-04-23 06:17:15,98.0
2026-04-23 06:17:16,92.0
2026-04-23 06:17:17,87.0
2026-04-23 06:17:18,81.5
2026-04-23 06:17:19,77.0
2026-04-23 06:17:20,75.0
2026-04-23 06:17:21,72.0
2026-04-23 06:17:22,72.0
2026-04-23 06:17:23,70.5
2026-04-23 06:17:24,73.0
2026-04-23 06:17:25,79.0
2026-04-23 06:17:26,86.0
2026-04-23 06:17:27,91.0
2026-04-23 06:17:28,92.0
2026-04-23 06:17:29,93.0
2026-04-23 06:17:30,94.5
2026-04-23 06:17:31,94.5
2026-04-23 06:17:32,91.0
2026-04-23 06:17:33,90.0
2026-04-23 06:17:34,88.0
2026-04-23 06:17:35,87.5
2026-04-23 06:17:36,91.0
2026-04-23 06:17:37,93.0
2026-04-23 06:17:38,94.5
2026-04-23 06:17:39,95.5
2026-04-23 06:17:40,97.0
2026-04-23 06:17:41,101.0
2026-04-23 06:17:42,104.5
2026-04-23 06:17:43,105.0
2026-04-23 06:17:44,101.0
2026-04-23 06:17:45,98.0
2026-04-23 06:17:46,93.5
2026-04-23 06:17:47,90.0
2026-04-23 06:17:48,89.0
2026-04-23 06:17:49,87.5
2026-04-23 06:17:50,86.0
2026-04-23 06:17:51,85.0
2026-04-23 06:17:52,82.5
2026-04-23 06:17:53,80.0
2026-04-23 06:17:54,78.0
2026-04-23 06:17:55,77.0
2026-04-23 06:17:56,74.0
2026-04-23 06:17:57,72.0
2026-04-23 06:17:58,70.5
2026-04-23 06:17:59,69.0
2026-04-23 06:18:00,69.0
2026-04-23 06:18:01,69.0
2026-04-23 06:18:02,69.0
2026-04-23 06:18:03,
2026-04-23 06:18:04,
2026-04-23 06:18:05,
2026-04-23 06:18:06,
2026-04-23 06:18:07,
2026-04-23 06:18:08,
2026-04-23 06:18:09,
2026-04-23 06:18:10,
2026-04-23 06:18:11,
2026-04-23 06:18:12,
2026-04-23 06:18:13,
2026-04-23 06:18:14,
2026-04-23 06:18:15,
2026-04-23 06:18:16,
2026-04-23 06:18:17,
2026-04-23 06:18:18,
2026-04-23 06:18:19,
2026-04-23 06:18:20,
2026-04-23 06:18:21,
2026-04-23 06:18:22,
2026-04-23 06:18:23,
2026-04-23 06:18:24,
2026-04-23 06:18:25,
2026-04-23 06:18:26,
2026-04-23 06:18:27,
2026-04-23 06:18:28,
2026-04-23 06:18:29,
2026-04-23 06:18:30,
2026-04-23 06:18:31,
2026-04-23 06:18:32,
2026-04-23 06:18:33,
2026-04-23 06:18:34,
2026-04-23 06:18:35,
2026-04-23 06:18:36,
2026-04-23 06:18:37,
2026-04-23 06:18:38,
2026-04-23 06:18:39,
2026-04-23 06:18:40,69.0
2026-04-23 06:18:41,69.0
2026-04-23 06:18:42,69.0
2026-04-23 06:18:43,69.5
2026-04-23 06:18:44,71.0
2026-04-23 06:18:45,76.5
2026-04-23 06:18:46,85.5
2026-04-23 06:18:47,91.0
2026-04-23 06:18:48,93.0
2026-04-23 06:18:49,97.0
2026-04-23 06:18:50,102.0
2026-04-23 06:18:51,107.0
2026-04-23 06:18:52,109.0
2026-04-23 06:18:53,111.0
2026-04-23 06:18:54,111.0
2026-04-23 06:18:55,110.0
2026-04-23 06:18:56,108.0
2026-04-23 06:18:57,107.0
2026-04-23 06:18:58,105.0
2026-04-23 06:18:59,103.0
2026-04-23 06:19:00,102.0
2026-04-23 06:19:01,100.5
2026-04-23 06:19:02,100.16666666666669
2026-04-23 06:19:03,100.41666666666666
2026-04-23 06:19:04,100.75
2026-04-23 06:19:05,101.0
2026-04-23 06:19:06,100.0
2026-04-23 06:19:07,99.5
2026-04-23 06:19:08,99.0
2026-04-23 06:19:09,97.5
2026-04-23 06:19:10,94.0
2026-04-23 06:19:11,93.0
2026-04-23 06:19:12,93.5
2026-04-23 06:19:13,90.0
2026-04-23 06:19:14,86.5
2026-04-23 06:19:15,80.5
2026-04-23 06:19:16,77.0
2026-04-23 06:19:17,74.5
2026-04-23 06:19:18,71.0
2026-04-23 06:19:19,68.0
2026-04-23 06:19:20,65.0
2026-04-23 06:19:21,63.5
2026-04-23 06:19:22,64.11538461538461
2026-04-23 06:19:23,64.25
2026-04-23 06:19:24,64.34615384615385
2026-04-23 06:19:25,64.76923076923077
2026-04-23 06:19:26,64.98076923076923
2026-04-23 06:19:27,70.0
2026-04-23 06:19:28,76.5
2026-04-23 06:19:29,81.0
2026-04-23 06:19:30,83.5
2026-04-23 06:19:31,84.09782608695652
2026-04-23 06:19:32,84.20652173913044
2026-04-23 06:19:33,84.40896739130434
2026-04-23 06:19:34,84.61141304347827
2026-04-23 06:19:35,
2026-04-23 06:19:36,
2026-04-23 06:19:37,
2026-04-23 06:19:38,
2026-04-23 06:19:39,
2026-04-23 06:19:40,85.82608695652173
2026-04-23 06:19:41,85.94565217391305
2026-04-23 06:19:42,89.0
2026-04-23 06:19:43,89.5
2026-04-23 06:19:44,89.0
2026-04-23 06:19:45,88.5
2026-04-23 06:19:46,88.0
2026-04-23 06:19:47,87.0
2026-04-23 06:19:48,87.5
2026-04-23 06:19:49,89.5
2026-04-23 06:19:50,92.0
2026-04-23 06:19:51,94.0
2026-04-23 06:19:52,95.0
2026-04-23 06:19:53,95.0
2026-04-23 06:19:54,97.0
2026-04-23 06:19:55,101.0
2026-04-23 06:19:56,102.5
2026-04-23 06:19:57,98.5
2026-04-23 06:19:58,95.0
2026-04-23 06:19:59,93.0
2026-04-23 06:20:00,90.5
2026-04-23 06:20:01,88.0
2026-04-23 06:20:02,86.0
2026-04-23 06:20:03,87.0
2026-04-23 06:20:04,89.0
2026-04-23 06:20:05,90.5
2026-04-23 06:20:06,91.0
2026-04-23 06:20:07,91.0
2026-04-23 06:20:08,90.5
2026-04-23 06:20:09,91.0
2026-04-23 06:20:10,91.0
2026-04-23 06:20:11,91.0
2026-04-23 06:20:12,92.0
2026-04-23 06:20:13,89.5
2026-04-23 06:20:14,85.5
2026-04-23 06:20:15,85.0
2026-04-23 06:20:16,89.0
2026-04-23 06:20:17,93.0
2026-04-23 06:20:18,95.0
2026-04-23 06:20:19,98.0
2026-04-23 06:20:20,100.0
2026-04-23 06:20:21,98.5
2026-04-23 06:20:22,94.0
2026-04-23 06:20:23,90.0
2026-04-23 06:20:24,87.0
2026-04-23 06:20:25,86.5
2026-04-23 06:20:26,87.0
2026-04-23 06:20:27,88.5
2026-04-23 06:20:28,90.0
2026-04-23 06:20:29,90.5
2026-04-23 06:20:30,90.5
2026-04-23 06:20:31,92.0
2026-04-23 06:20:32,93.0
2026-04-23 06:20:33,90.5
2026-04-23 06:20:34,90.0
2026-04-23 06:20:35,87.5
2026-04-23 06:20:36,85.0
2026-04-23 06:20:37,84.0
2026-04-23 06:20:38,83.0
2026-04-23 06:20:39,80.0
2026-04-23 06:20:40,78.88888888888889
2026-04-23 06:20:41,78.73611111111111
2026-04-23 06:20:42,78.47916666666667
2026-04-23 06:20:43,78.22222222222223
2026-04-23 06:20:44,
2026-04-23 06:20:45,
2026-04-23 06:20:46,
2026-04-23 06:20:47,77.19444444444444
2026-04-23 06:20:48,77.04166666666666
2026-04-23 06:20:49,76.0
2026-04-23 06:20:50,78.22857142857143
2026-04-23 06:20:51,78.85714285714285
2026-04-23 06:20:52,80.0
2026-04-23 06:20:53,81.14285714285715
2026-04-23 06:20:54,81.77142857142857
2026-04-23 06:20:55,88.0
2026-04-23 06:20:56,93.0
2026-04-23 06:20:57,96.5
2026-04-23 06:20:58,99.0
2026-04-23 06:20:59,96.0
2026-04-23 06:21:00,90.5
2026-04-23 06:21:01,84.5
2026-04-23 06:21:02,80.0
2026-04-23 06:21:03,76.5
2026-04-23 06:21:04,72.5
2026-04-23 06:21:05,70.0
2026-04-23 06:21:06,67.5
2026-04-23 06:21:07,67.0
2026-04-23 06:21:08,66.5
2026-04-23 06:21:09,68.0
2026-04-23 06:21:10,68.0
2026-04-23 06:21:11,66.5
2026-04-23 06:21:12,70.5
2026-04-23 06:21:13,77.0
2026-04-23 06:21:14,79.0
2026-04-23 06:21:15,79.0
2026-04-23 06:21:16,79.0
2026-04-23 06:21:17,81.0
2026-04-23 06:21:18,85.0
2026-04-23 06:21:19,93.0
2026-04-23 06:21:20,99.0
2026-04-23 06:21:21,102.5
2026-04-23 06:21:22,99.0
2026-04-23 06:21:23,93.5
2026-04-23 06:21:24,87.0
2026-04-23 06:21:25,84.0
2026-04-23 06:21:26,82.5
2026-04-23 06:21:27,82.5
2026-04-23 06:21:28,83.16666666666667
2026-04-23 06:21:29,83.41666666666666
2026-04-23 06:21:30,83.75
2026-04-23 06:21:31,84.0
2026-04-23 06:21:32,84.5
2026-04-23 06:21:33,81.0
2026-04-23 06:21:34,77.0
2026-04-23 06:21:35,73.0
2026-04-23 06:21:36,71.0
2026-04-23 06:21:37,71.0
2026-04-23 06:21:38,73.0
2026-04-23 06:21:39,74.0
2026-04-23 06:21:40,74.0
2026-04-23 06:21:41,73.5
2026-04-23 06:21:42,73.0
2026-04-23 06:21:43,73.0
2026-04-23 06:21:44,73.0
2026-04-23 06:21:45,73.0
2026-04-23 06:21:46,73.0
2026-04-23 06:21:47,75.5
2026-04-23 06:21:48,77.0
2026-04-23 06:21:49,77.0
2026-04-23 06:21:50,77.0
2026-04-23 06:21:51,74.5
2026-04-23 06:21:52,72.5
2026-04-23 06:21:53,71.0
2026-04-23 06:21:54,70.5
2026-04-23 06:21:55,69.0
2026-04-23 06:21:56,69.0
2026-04-23 06:21:57,69.5
2026-04-23 06:21:58,70.0
2026-04-23 06:21:59,72.0
2026-04-23 06:22:00,79.0
2026-04-23 06:22:01,83.0
2026-04-23 06:22:02,86.5
2026-04-23 06:22:03,89.0
2026-04-23 06:22:04,91.5
2026-04-23 06:22:05,93.0
2026-04-23 06:22:06,94.0
2026-04-23 06:22:07,93.0
2026-04-23 06:22:08,89.0
2026-04-23 06:22:09,86.0
2026-04-23 06:22:10,83.5
2026-04-23 06:22:11,79.0
2026-04-23 06:22:12,75.5
2026-04-23 06:22:13,72.0
2026-04-23 06:22:14,71.0
2026-04-23 06:22:15,73.0
2026-04-23 06:22:16,73.0
2026-04-23 06:22:17,72.5
2026-04-23 06:22:18,71.0
2026-04-23 06:22:19,71.0
2026-04-23 06:22:20,70.5
2026-04-23 06:22:21,71.0
2026-04-23 06:22:22,70.5
2026-04-23 06:22:23,75.0
2026-04-23 06:22:24,79.0
2026-04-23 06:22:25,82.0
2026-04-23 06:22:26,85.0
2026-04-23 06:22:27,87.0
2026-04-23 06:22:28,89.0
2026-04-23 06:22:29,94.5
2026-04-23 06:22:30,94.0
2026-04-23 06:22:31,94.0
2026-04-23 06:22:32,94.0
2026-04-23 06:22:33,91.5
2026-04-23 06:22:34,90.5
2026-04-23 06:22:35,91.0
2026-04-23 06:22:36,91.5
2026-04-23 06:22:37,94.0
2026-04-23 06:22:38,95.0
2026-04-23 06:22:39,93.5
2026-04-23 06:22:40,90.0
2026-04-23 06:22:41,87.5
2026-04-23 06:22:42,85.0
2026-04-23 06:22:43,82.5
2026-04-23 06:22:44,79.0
2026-04-23 06:22:45,76.0
2026-04-23 06:22:46,73.0
2026-04-23 06:22:47,69.5
2026-04-23 06:22:48,69.4
2026-04-23 06:22:49,69.3
2026-04-23 06:22:50,
2026-04-23 06:22:51,
2026-04-23 06:22:52,
2026-04-23 06:22:53,
2026-04-23 06:22:54,
2026-04-23 06:22:55,
2026-04-23 06:22:56,
2026-04-23 06:22:57,
2026-04-23 06:22:58,
2026-04-23 06:22:59,
2026-04-23 06:23:00,
2026-04-23 06:23:01,
2026-04-23 06:23:02,68.0
2026-04-23 06:23:03,70.5
2026-04-23 06:23:04,75.0
2026-04-23 06:23:05,80.0
2026-04-23 06:23:06,85.0
2026-04-23 06:23:07,88.5
2026-04-23 06:23:08,94.0
2026-04-23 06:23:09,96.0
2026-04-23 06:23:10,97.5
2026-04-23 06:23:11,96.0
2026-04-23 06:23:12,92.0
2026-04-23 06:23:13,87.0
2026-04-23 06:23:14,84.0
2026-04-23 06:23:15,81.5
2026-04-23 06:23:16,77.5
2026-04-23 06:23:17,76.0
2026-04-23 06:23:18,76.0
2026-04-23 06:23:19,76.0
2026-04-23 06:23:20,75.0
2026-04-23 06:23:21,78.0
2026-04-23 06:23:22,83.0
2026-04-23 06:23:23,88.0
2026-04-23 06:23:24,93.5
2026-04-23 06:23:25,99.0
2026-04-23 06:23:26,103.5
2026-04-23 06:23:27,105.0
2026-04-23 06:23:28,104.0
2026-04-23 06:23:29,103.99324324324324
2026-04-23 06:23:30,103.96846846846847
2026-04-23 06:23:31,103.92942942942943
2026-04-23 06:23:32,103.8903903903904
2026-04-23 06:23:33,
2026-04-23 06:23:34,
2026-04-23 06:23:35,
2026-04-23 06:23:36,
2026-04-23 06:23:37,
2026-04-23 06:23:38,
2026-04-23 06:23:39,
2026-04-23 06:23:40,
2026-04-23 06:23:41,
2026-04-23 06:23:42,
2026-04-23 06:23:43,
2026-04-23 06:23:44,
2026-04-23 06:23:45,
2026-04-23 06:23:46,
2026-04-23 06:23:47,
2026-04-23 06:23:48,
2026-04-23 06:23:49,
2026-04-23 06:23:50,
2026-04-23 06:23:51,
2026-04-23 06:23:52,
2026-04-23 06:23:53,
2026-04-23 06:23:54,103.03153153153153
2026-04-23 06:23:55,103.00675675675676
2026-04-23 06:23:56,102.0
2026-04-23 06:23:57,102.0
2026-04-23 06:23:58,99.5
2026-04-23 06:23:59,95.0
2026-04-23 06:24:00,92.0
2026-04-23 06:24:01,89.5
2026-04-23 06:24:02,86.0
2026-04-23 06:24:03,83.0
2026-04-23 06:24:04,83.0
2026-04-23 06:24:05,84.0
2026-04-23 06:24:06,85.5
2026-04-23 06:24:07,87.0
2026-04-23 06:24:08,88.0
2026-04-23 06:24:09,90.0
2026-04-23 06:24:10,92.0
2026-04-23 06:24:11,94.0
2026-04-23 06:24:12,94.5
2026-04-23 06:24:13,97.0
2026-04-23 06:24:14,97.0
2026-04-23 06:24:15,97.05084745762713
2026-04-23 06:24:16,97.23728813559322
2026-04-23 06:24:17,97.53898305084745
2026-04-23 06:24:18,97.8406779661017
2026-04-23 06:24:19,
2026-04-23 06:24:20,
2026-04-23 06:24:21,98.7457627118644
2026-04-23 06:24:22,98.89830508474574
2026-04-23 06:24:23,98.96610169491524
2026-04-23 06:24:24,99.0
2026-04-23 06:24:25,101.5
2026-04-23 06:24:26,103.0
2026-04-23 06:24:27,105.5
2026-04-23 06:24:28,101.0
2026-04-23 06:24:29,97.0
2026-04-23 06:24:30,92.5
2026-04-23 06:24:31,87.0
2026-04-23 06:24:32,83.0
2026-04-23 06:24:33,80.0
2026-04-23 06:24:34,78.0
2026-04-23 06:24:35,78.0
2026-04-23 06:24:36,80.0
2026-04-23 06:24:37,80.0
