log_time,data
2026-04-30 21:07:34,87.08504104614258
2026-04-30 21:07:35,80.91535186767578
2026-04-30 21:07:36,75.72724304199218
2026-04-30 21:07:37,73.06429443359374
2026-04-30 21:07:38,71.53348541259766
2026-04-30 21:07:39,70.85425720214843
2026-04-30 21:07:40,70.5880355834961
2026-04-30 21:07:41,70.96302947998046
2026-04-30 21:07:42,71.2530517578125
2026-04-30 21:07:43,71.57236938476562
2026-04-30 21:07:44,72.15697326660157
2026-04-30 21:07:45,72.86776733398438
2026-04-30 21:07:46,73.59264221191407
2026-04-30 21:07:47,75.93922882080078
2026-04-30 21:07:48,99.18895416259765
2026-04-30 21:07:49,115.2592544555664
2026-04-30 21:07:50,122.93284912109375
2026-04-30 21:07:51,127.04006958007812
2026-04-30 21:07:52,129.7014953613281
2026-04-30 21:07:53,131.77825927734375
2026-04-30 21:07:54,133.31647644042968
2026-04-30 21:07:55,134.1226318359375
2026-04-30 21:07:56,134.78298645019532
2026-04-30 21:07:57,135.42524108886718
2026-04-30 21:07:58,135.7102081298828
2026-04-30 21:07:59,135.8366485595703
2026-04-30 21:08:00,135.84065573556083
2026-04-30 21:08:01,135.84466291155132
2026-04-30 21:08:02,
2026-04-30 21:08:03,
2026-04-30 21:08:04,
2026-04-30 21:08:05,
2026-04-30 21:08:06,
2026-04-30 21:08:07,
2026-04-30 21:08:08,
2026-04-30 21:08:09,
2026-04-30 21:08:10,
2026-04-30 21:08:11,
2026-04-30 21:08:12,
2026-04-30 21:08:13,135.8927490234375
2026-04-30 21:08:14,135.61498107910157
2026-04-30 21:08:15,135.14248657226562
2026-04-30 21:08:16,124.20919952392578
2026-04-30 21:08:17,107.69795684814453
2026-04-30 21:08:18,100.59069061279297
2026-04-30 21:08:19,97.73982238769531
2026-04-30 21:08:20,96.82412109375
2026-04-30 21:08:21,96.85086669921876
2026-04-30 21:08:22,97.08159484863282
2026-04-30 21:08:23,105.4118438720703
2026-04-30 21:08:24,113.26639556884766
2026-04-30 21:08:25,116.31845703125
2026-04-30 21:08:26,117.4538070678711
2026-04-30 21:08:27,117.95757141113282
2026-04-30 21:08:28,118.18109130859375
2026-04-30 21:08:29,118.28026885986328
2026-04-30 21:08:30,118.32427673339843
2026-04-30 21:08:31,118.0411376953125
2026-04-30 21:08:32,117.5662628173828
2026-04-30 21:08:33,117.16492309570313
2026-04-30 21:08:34,116.54392700195312
2026-04-30 21:08:35,116.05940093994141
2026-04-30 21:08:36,115.40149230957032
2026-04-30 21:08:37,114.78855895996094
2026-04-30 21:08:38,114.28977966308594
2026-04-30 21:08:39,114.27182505680965
2026-04-30 21:08:40,114.25387045053336
2026-04-30 21:08:41,
2026-04-30 21:08:42,
2026-04-30 21:08:43,
2026-04-30 21:08:44,
2026-04-30 21:08:45,
2026-04-30 21:08:46,
2026-04-30 21:08:47,
2026-04-30 21:08:48,
2026-04-30 21:08:49,
2026-04-30 21:08:50,
2026-04-30 21:08:51,114.05636978149414
2026-04-30 21:08:52,113.5560791015625
2026-04-30 21:08:53,112.96858825683594
2026-04-30 21:08:54,112.70791473388672
2026-04-30 21:08:55,112.55709686279297
2026-04-30 21:08:56,111.99706115722657
2026-04-30 21:08:57,111.4343017578125
2026-04-30 21:08:58,110.74168090820312
2026-04-30 21:08:59,110.61577453613282
2026-04-30 21:09:00,119.40775604248047
2026-04-30 21:09:01,125.97718200683593
2026-04-30 21:09:02,128.9104248046875
2026-04-30 21:09:03,130.2119171142578
2026-04-30 21:09:04,130.78939819335938
2026-04-30 21:09:05,131.04562683105468
2026-04-30 21:09:06,131.1593231201172
2026-04-30 21:09:07,126.70097198486329
2026-04-30 21:09:08,102.51894683837891
2026-04-30 21:09:09,89.16602783203125
2026-04-30 21:09:10,83.05063018798828
2026-04-30 21:09:11,79.89427490234375
2026-04-30 21:09:12,78.28479766845703
2026-04-30 21:09:13,77.12774200439453
2026-04-30 21:09:14,76.59599914550782
2026-04-30 21:09:15,76.36006164550781
2026-04-30 21:09:16,76.97153218587239
2026-04-30 21:09:17,77.27373592670146
2026-04-30 21:09:18,77.57593966753055
2026-04-30 21:09:19,
2026-04-30 21:09:20,
2026-04-30 21:09:21,
2026-04-30 21:09:22,
2026-04-30 21:09:23,
2026-04-30 21:09:24,
2026-04-30 21:09:25,
2026-04-30 21:09:26,
2026-04-30 21:09:27,
2026-04-30 21:09:28,
2026-04-30 21:09:29,80.90018081665039
2026-04-30 21:09:30,84.52395935058594
2026-04-30 21:09:31,87.04872589111328
2026-04-30 21:09:32,88.16897735595703
2026-04-30 21:09:33,87.36142272949219
2026-04-30 21:09:34,81.7548324584961
2026-04-30 21:09:35,79.42342834472656
2026-04-30 21:09:36,81.62659301757813
2026-04-30 21:09:37,82.62724609375
2026-04-30 21:09:38,82.94760437011719
2026-04-30 21:09:39,83.08974914550781
2026-04-30 21:09:40,83.15281982421875
2026-04-30 21:09:41,83.18080444335938
2026-04-30 21:09:42,81.28687286376953
2026-04-30 21:09:43,75.7146484375
2026-04-30 21:09:44,73.28570404052735
2026-04-30 21:09:45,84.08640899658204
2026-04-30 21:09:46,91.47622985839844
2026-04-30 21:09:47,94.69684143066407
2026-04-30 21:09:48,95.82317657470702
2026-04-30 21:09:49,95.67103118896485
2026-04-30 21:09:50,95.25428161621093
2026-04-30 21:09:51,94.7667007446289
2026-04-30 21:09:52,94.20111694335938
2026-04-30 21:09:53,93.95016174316406
2026-04-30 21:09:54,93.83881225585938
2026-04-30 21:09:55,93.83606755183294
2026-04-30 21:09:56,93.8333228478065
2026-04-30 21:09:57,
2026-04-30 21:09:58,
2026-04-30 21:09:59,
2026-04-30 21:10:00,
2026-04-30 21:10:01,
2026-04-30 21:10:02,
2026-04-30 21:10:03,
2026-04-30 21:10:04,
2026-04-30 21:10:05,
2026-04-30 21:10:06,
2026-04-30 21:10:07,93.80313110351562
2026-04-30 21:10:08,93.78349609375
2026-04-30 21:10:09,99.76297607421876
2026-04-30 21:10:10,109.42284393310547
2026-04-30 21:10:11,113.29203948974609
2026-04-30 21:10:12,109.35542602539063
2026-04-30 21:10:13,105.84082794189453
2026-04-30 21:10:14,103.69647216796875
2026-04-30 21:10:15,102.69149932861328
2026-04-30 21:10:16,101.75247497558594
2026-04-30 21:10:17,101.21218872070312
2026-04-30 21:10:18,100.9724609375
2026-04-30 21:10:19,100.8660903930664
2026-04-30 21:10:20,100.71869659423828
2026-04-30 21:10:21,100.15988159179688
2026-04-30 21:10:22,99.8536376953125
2026-04-30 21:10:23,99.71775512695312
2026-04-30 21:10:24,95.85004272460938
2026-04-30 21:10:25,75.3840087890625
2026-04-30 21:10:26,64.12311096191407
2026-04-30 21:10:27,59.27709808349609
2026-04-30 21:10:28,56.98117370605469
2026-04-30 21:10:29,58.92837829589844
2026-04-30 21:10:30,74.5949203491211
2026-04-30 21:10:31,83.2950653076172
2026-04-30 21:10:32,87.25556182861328
2026-04-30 21:10:33,88.84468841552734
2026-04-30 21:10:34,88.90830245384804
2026-04-30 21:10:35,88.97191649216872
2026-04-30 21:10:36,
2026-04-30 21:10:37,
2026-04-30 21:10:38,
2026-04-30 21:10:39,
2026-04-30 21:10:40,
2026-04-30 21:10:41,
2026-04-30 21:10:42,
2026-04-30 21:10:43,
2026-04-30 21:10:44,
2026-04-30 21:10:45,
2026-04-30 21:10:46,89.67167091369629
2026-04-30 21:10:47,90.56322174072265
2026-04-30 21:10:48,110.51927032470704
2026-04-30 21:10:49,127.74608764648437
2026-04-30 21:10:50,114.86951751708985
2026-04-30 21:10:51,104.40630493164062
2026-04-30 21:10:52,99.78207550048828
2026-04-30 21:10:53,97.73027954101562
2026-04-30 21:10:54,96.81988677978515
2026-04-30 21:10:55,96.41594085693359
2026-04-30 21:10:56,96.23670654296875
2026-04-30 21:10:57,95.70015106201171
2026-04-30 21:10:58,89.05157775878907
2026-04-30 21:10:59,84.49429931640626
2026-04-30 21:11:00,82.47220916748047
2026-04-30 21:11:01,81.4748031616211
2026-04-30 21:11:02,80.53882904052735
2026-04-30 21:11:03,78.16152954101562
2026-04-30 21:11:04,67.73175201416015
2026-04-30 21:11:05,61.99642333984375
2026-04-30 21:11:06,59.45162658691406
2026-04-30 21:11:07,58.322486114501956
2026-04-30 21:11:08,61.02711486816406
2026-04-30 21:11:09,76.88911285400391
2026-04-30 21:11:10,101.83235778808594
2026-04-30 21:11:11,112.16463724772136
2026-04-30 21:11:12,112.48765133588742
2026-04-30 21:11:13,112.81066542405348
2026-04-30 21:11:14,
2026-04-30 21:11:15,
2026-04-30 21:11:16,
2026-04-30 21:11:17,
2026-04-30 21:11:18,
2026-04-30 21:11:19,
2026-04-30 21:11:20,
2026-04-30 21:11:21,
2026-04-30 21:11:22,
2026-04-30 21:11:23,
2026-04-30 21:11:24,116.3638203938802
2026-04-30 21:11:25,119.49676818847657
2026-04-30 21:11:26,121.47167510986328
2026-04-30 21:11:27,122.34794921875
2026-04-30 21:11:28,122.73675842285157
2026-04-30 21:11:29,122.90927429199219
2026-04-30 21:11:30,122.98582000732422
2026-04-30 21:11:31,123.01978454589843
2026-04-30 21:11:32,123.03485565185547
2026-04-30 21:11:33,123.04154205322266
2026-04-30 21:11:34,123.04450988769531
2026-04-30 21:11:35,104.42484130859376
2026-04-30 21:11:36,86.75214385986328
2026-04-30 21:11:37,78.91067199707031
2026-04-30 21:11:38,75.43136901855469
2026-04-30 21:11:39,73.88758544921875
2026-04-30 21:11:40,73.20260162353516
2026-04-30 21:11:41,72.86351318359375
2026-04-30 21:11:42,72.02930755615235
2026-04-30 21:11:43,70.55936737060547
2026-04-30 21:11:44,68.36219940185546
2026-04-30 21:11:45,66.22430572509765
2026-04-30 21:11:46,65.13881378173828
2026-04-30 21:11:47,64.16375350952148
2026-04-30 21:11:48,63.48218612670898
2026-04-30 21:11:49,68.29406261444092
2026-04-30 21:11:50,69.38280046903171
2026-04-30 21:11:51,70.47153832362248
2026-04-30 21:11:52,
2026-04-30 21:11:53,
2026-04-30 21:11:54,
2026-04-30 21:11:55,
2026-04-30 21:11:56,
2026-04-30 21:11:57,
2026-04-30 21:11:58,
2026-04-30 21:11:59,
2026-04-30 21:12:00,
2026-04-30 21:12:01,
2026-04-30 21:12:02,82.4476547241211
2026-04-30 21:12:03,93.98602294921875
2026-04-30 21:12:04,104.90200347900391
2026-04-30 21:12:05,109.25236511230469
2026-04-30 21:12:06,110.62596130371094
2026-04-30 21:12:07,110.82593688964843
2026-04-30 21:12:08,110.47174682617188
2026-04-30 21:12:09,110.19604187011718
2026-04-30 21:12:10,114.62539520263672
2026-04-30 21:12:11,121.67347869873046
2026-04-30 21:12:12,124.39321594238281
2026-04-30 21:12:13,125.5999771118164
2026-04-30 21:12:14,126.03522644042968
2026-04-30 21:12:15,125.73493194580078
2026-04-30 21:12:16,125.54339599609375
2026-04-30 21:12:17,125.45840911865234
2026-04-30 21:12:18,125.38554534912109
2026-04-30 21:12:19,124.86009826660157
2026-04-30 21:12:20,124.5033203125
2026-04-30 21:12:21,124.34501647949219
2026-04-30 21:12:22,126.75302734375
2026-04-30 21:12:23,133.57945251464844
2026-04-30 21:12:24,136.4138946533203
2026-04-30 21:12:25,137.1500274658203
2026-04-30 21:12:26,131.92849884033203
2026-04-30 21:12:27,118.31978454589844
2026-04-30 21:12:28,113.6271743774414
2026-04-30 21:12:29,113.42857748178335
2026-04-30 21:12:30,113.2299805861253
2026-04-30 21:12:31,
2026-04-30 21:12:32,
2026-04-30 21:12:33,
2026-04-30 21:12:34,
2026-04-30 21:12:35,
2026-04-30 21:12:36,
2026-04-30 21:12:37,
2026-04-30 21:12:38,
2026-04-30 21:12:39,
2026-04-30 21:12:40,
2026-04-30 21:12:41,111.04541473388672
2026-04-30 21:12:42,108.59505310058594
2026-04-30 21:12:43,107.50781555175782
2026-04-30 21:12:44,107.02540283203125
2026-04-30 21:12:45,106.81135406494141
2026-04-30 21:12:46,106.61618194580078
2026-04-30 21:12:47,106.03616638183594
2026-04-30 21:12:48,105.62031860351563
2026-04-30 21:12:49,104.94238891601563
2026-04-30 21:12:50,107.668603515625
2026-04-30 21:12:51,116.45809783935547
2026-04-30 21:12:52,120.77530670166016
2026-04-30 21:12:53,122.69087524414063
2026-04-30 21:12:54,117.48753204345704
2026-04-30 21:12:55,108.19391632080078
2026-04-30 21:12:56,103.9700927734375
2026-04-30 21:12:57,101.60254211425782
2026-04-30 21:12:58,100.49375457763672
2026-04-30 21:12:59,100.00177764892578
2026-04-30 21:13:00,98.37723693847656
2026-04-30 21:13:01,77.9318115234375
2026-04-30 21:13:02,63.9146125793457
2026-04-30 21:13:03,57.69510498046875
2026-04-30 21:13:04,54.93547744750977
2026-04-30 21:13:05,53.71101531982422
2026-04-30 21:13:06,53.274789810180664
2026-04-30 21:13:07,53.261062328632065
2026-04-30 21:13:08,53.24733484708346
2026-04-30 21:13:09,
2026-04-30 21:13:10,
2026-04-30 21:13:11,
2026-04-30 21:13:12,
2026-04-30 21:13:13,
2026-04-30 21:13:14,
2026-04-30 21:13:15,
2026-04-30 21:13:16,
2026-04-30 21:13:17,
2026-04-30 21:13:18,
2026-04-30 21:13:19,53.09633255004883
2026-04-30 21:13:20,52.92665100097656
2026-04-30 21:13:21,52.819688415527345
2026-04-30 21:13:22,52.469564819335936
2026-04-30 21:13:23,51.964968872070315
2026-04-30 21:13:24,51.74107894897461
2026-04-30 21:13:25,86.71847229003906
2026-04-30 21:13:26,119.96592559814454
2026-04-30 21:13:27,134.7179962158203
2026-04-30 21:13:28,139.1594696044922
2026-04-30 21:13:29,131.0710479736328
2026-04-30 21:13:30,126.60724182128907
2026-04-30 21:13:31,124.62662811279297
2026-04-30 21:13:32,123.74782257080078
2026-04-30 21:13:33,123.3578872680664
2026-04-30 21:13:34,123.08467864990234
2026-04-30 21:13:35,122.47003479003907
2026-04-30 21:13:36,122.13901977539062
2026-04-30 21:13:37,121.99214630126953
2026-04-30 21:13:38,121.9269775390625
2026-04-30 21:13:39,121.86290740966797
2026-04-30 21:13:40,121.34136352539062
2026-04-30 21:13:41,120.98631591796875
2026-04-30 21:13:42,120.3957305908203
2026-04-30 21:13:43,119.72418975830078
2026-04-30 21:13:44,119.02951049804688
2026-04-30 21:13:45,119.00920545137845
2026-04-30 21:13:46,118.98890040471004
2026-04-30 21:13:47,
2026-04-30 21:13:48,
2026-04-30 21:13:49,
2026-04-30 21:13:50,
2026-04-30 21:13:51,
2026-04-30 21:13:52,
2026-04-30 21:13:53,
2026-04-30 21:13:54,
2026-04-30 21:13:55,
2026-04-30 21:13:56,
2026-04-30 21:13:57,118.76554489135742
2026-04-30 21:13:58,118.59468841552734
2026-04-30 21:13:59,118.46378631591797
2026-04-30 21:14:00,118.40570373535157
2026-04-30 21:14:01,118.37993011474609
2026-04-30 21:14:02,118.36849517822266
2026-04-30 21:14:03,118.36342163085938
2026-04-30 21:14:04,117.928125
2026-04-30 21:14:05,117.04791717529297
2026-04-30 21:14:06,115.75475311279297
2026-04-30 21:14:07,114.51421508789062
2026-04-30 21:14:08,113.45201110839844
2026-04-30 21:14:09,112.922412109375
2026-04-30 21:14:10,112.6874267578125
2026-04-30 21:14:11,112.58316192626953
2026-04-30 21:14:12,106.43658752441407
2026-04-30 21:14:13,89.5358383178711
2026-04-30 21:14:14,81.44962768554687
2026-04-30 21:14:15,77.86173400878906
2026-04-30 21:14:16,76.26976623535157
2026-04-30 21:14:17,75.26073760986328
2026-04-30 21:14:18,74.46378173828126
2026-04-30 21:14:19,73.91953582763672
2026-04-30 21:14:20,73.2351303100586
2026-04-30 21:14:21,72.91309967041016
2026-04-30 21:14:22,73.2325210571289
2026-04-30 21:14:23,73.79257932390486
2026-04-30 21:14:24,74.3526375906808
2026-04-30 21:14:25,
2026-04-30 21:14:26,
2026-04-30 21:14:27,
2026-04-30 21:14:28,
2026-04-30 21:14:29,
2026-04-30 21:14:30,
2026-04-30 21:14:31,
2026-04-30 21:14:32,
2026-04-30 21:14:33,
2026-04-30 21:14:34,
2026-04-30 21:14:35,
2026-04-30 21:14:36,81.07333679199219
2026-04-30 21:14:37,86.8214828491211
2026-04-30 21:14:38,86.32180938720703
2026-04-30 21:14:39,79.01335906982422
2026-04-30 21:14:40,75.51208801269532
2026-04-30 21:14:41,74.45167083740235
2026-04-30 21:14:42,74.10479431152343
2026-04-30 21:14:43,73.95088348388671
2026-04-30 21:14:44,73.88259429931641
2026-04-30 21:14:45,73.95248870849609
2026-04-30 21:14:46,74.47692108154297
2026-04-30 21:14:47,74.80306243896484
2026-04-30 21:14:48,75.44088897705078
2026-04-30 21:14:49,76.28057861328125
2026-04-30 21:14:50,77.1746810913086
2026-04-30 21:14:51,78.02083587646484
2026-04-30 21:14:52,78.9248550415039
2026-04-30 21:14:53,79.87738037109375
2026-04-30 21:14:54,80.5238540649414
2026-04-30 21:14:55,81.30411834716797
2026-04-30 21:14:56,82.04643859863282
2026-04-30 21:14:57,83.21816864013672
2026-04-30 21:14:58,83.86170806884766
2026-04-30 21:14:59,83.84458465576172
2026-04-30 21:15:00,86.31016693115234
2026-04-30 21:15:01,84.90060806274414
2026-04-30 21:15:02,84.44266289931078
2026-04-30 21:15:03,83.98471773587741
2026-04-30 21:15:04,
2026-04-30 21:15:05,
2026-04-30 21:15:06,
2026-04-30 21:15:07,
2026-04-30 21:15:08,
2026-04-30 21:15:09,
2026-04-30 21:15:10,
2026-04-30 21:15:11,
2026-04-30 21:15:12,
2026-04-30 21:15:13,
2026-04-30 21:15:14,78.94732093811035
2026-04-30 21:15:15,73.90681457519531
2026-04-30 21:15:16,71.06477355957031
2026-04-30 21:15:17,69.36082305908204
2026-04-30 21:15:18,68.58642120361328
2026-04-30 21:15:19,68.24281311035156
2026-04-30 21:15:20,68.0903533935547
2026-04-30 21:15:21,68.022705078125
2026-04-30 21:15:22,69.79620666503907
2026-04-30 21:15:23,79.46465301513672
2026-04-30 21:15:24,84.8038833618164
2026-04-30 21:15:25,86.73988494873046
2026-04-30 21:15:26,87.38003692626953
2026-04-30 21:15:27,87.66407470703125
2026-04-30 21:15:28,87.79010314941407
2026-04-30 21:15:29,87.7458282470703
2026-04-30 21:15:30,87.23276214599609
2026-04-30 21:15:31,86.94682006835937
2026-04-30 21:15:32,86.8199462890625
2026-04-30 21:15:33,86.33060455322266
2026-04-30 21:15:34,85.89461975097656
2026-04-30 21:15:35,80.74466857910156
2026-04-30 21:15:36,68.92357330322265
2026-04-30 21:15:37,98.97475128173828
2026-04-30 21:15:38,124.7521957397461
2026-04-30 21:15:39,134.7658487955729
2026-04-30 21:15:40,135.0204139122596
2026-04-30 21:15:41,135.27497902894632
2026-04-30 21:15:42,
2026-04-30 21:15:43,
2026-04-30 21:15:44,
2026-04-30 21:15:45,
2026-04-30 21:15:46,
2026-04-30 21:15:47,
2026-04-30 21:15:48,
2026-04-30 21:15:49,
2026-04-30 21:15:50,
2026-04-30 21:15:51,
2026-04-30 21:15:52,138.0751953125
2026-04-30 21:15:53,140.6266296386719
2026-04-30 21:15:54,142.5814453125
2026-04-30 21:15:55,143.4488098144531
2026-04-30 21:15:56,143.8336608886719
2026-04-30 21:15:57,144.00442504882812
2026-04-30 21:15:58,144.08019104003907
2026-04-30 21:15:59,144.11380920410156
2026-04-30 21:16:00,143.9380889892578
2026-04-30 21:16:01,143.41720581054688
2026-04-30 21:16:02,143.16773071289063
2026-04-30 21:16:03,143.05704040527343
2026-04-30 21:16:04,126.98521728515625
2026-04-30 21:16:05,111.75618286132813
2026-04-30 21:16:06,104.99897918701171
2026-04-30 21:16:07,102.00076904296876
2026-04-30 21:16:08,100.67044982910156
2026-04-30 21:16:09,100.0801788330078
2026-04-30 21:16:10,100.41593017578126
2026-04-30 21:16:11,108.94786071777344
2026-04-30 21:16:12,114.83534545898438
2026-04-30 21:16:13,117.63828735351562
2026-04-30 21:16:14,119.32488861083985
2026-04-30 21:16:15,120.09159393310547
2026-04-30 21:16:16,120.4317840576172
2026-04-30 21:16:17,120.58273010253906
2026-04-30 21:16:18,120.5864511343149
2026-04-30 21:16:19,120.59017216609074
2026-04-30 21:16:20,
2026-04-30 21:16:21,
2026-04-30 21:16:22,
2026-04-30 21:16:23,
2026-04-30 21:16:24,
2026-04-30 21:16:25,
2026-04-30 21:16:26,
2026-04-30 21:16:27,
2026-04-30 21:16:28,
2026-04-30 21:16:29,
2026-04-30 21:16:30,120.631103515625
2026-04-30 21:16:31,120.65771789550782
2026-04-30 21:16:32,120.15563659667968
2026-04-30 21:16:33,112.63632354736328
2026-04-30 21:16:34,108.24150238037109
2026-04-30 21:16:35,106.8896697998047
2026-04-30 21:16:36,106.73277587890625
2026-04-30 21:16:37,106.81686401367188
2026-04-30 21:16:38,109.00946502685547
2026-04-30 21:16:39,111.38427734375
2026-04-30 21:16:40,112.65685729980468
2026-04-30 21:16:41,113.25666046142578
2026-04-30 21:16:42,114.01591339111329
2026-04-30 21:16:43,114.47643432617187
2026-04-30 21:16:44,114.68077239990234
2026-04-30 21:16:45,114.7714340209961
2026-04-30 21:16:46,114.81166229248046
2026-04-30 21:16:47,114.63887786865234
2026-04-30 21:16:48,118.44975128173829
2026-04-30 21:16:49,122.61358642578125
2026-04-30 21:16:50,124.81034545898437
2026-04-30 21:16:51,125.78506011962891
2026-04-30 21:16:52,126.21754455566406
2026-04-30 21:16:53,126.40944213867188
2026-04-30 21:16:54,126.49458618164063
2026-04-30 21:16:55,126.43217163085937
2026-04-30 21:16:56,126.09227752685548
2026-04-30 21:16:57,126.0748525766226
2026-04-30 21:16:58,126.05742762638974
2026-04-30 21:16:59,
2026-04-30 21:17:00,
2026-04-30 21:17:01,
2026-04-30 21:17:02,
2026-04-30 21:17:03,
2026-04-30 21:17:04,
2026-04-30 21:17:05,
2026-04-30 21:17:06,
2026-04-30 21:17:07,
2026-04-30 21:17:08,
2026-04-30 21:17:09,125.86575317382812
2026-04-30 21:17:10,125.430908203125
2026-04-30 21:17:11,106.61507110595703
2026-04-30 21:17:12,77.00757141113282
2026-04-30 21:17:13,63.74848175048828
2026-04-30 21:17:14,57.621392822265626
2026-04-30 21:17:15,54.90277099609375
2026-04-30 21:17:16,53.69650497436523
2026-04-30 21:17:17,53.16127700805664
2026-04-30 21:17:18,52.92379379272461
2026-04-30 21:17:19,52.8184211730957
2026-04-30 21:17:20,70.52868118286133
2026-04-30 21:17:21,98.49875335693359
2026-04-30 21:17:22,110.850927734375
2026-04-30 21:17:23,116.33165130615234
2026-04-30 21:17:24,118.66328430175781
2026-04-30 21:17:25,119.20442352294921
2026-04-30 21:17:26,119.38623352050782
2026-04-30 21:17:27,119.46690673828125
2026-04-30 21:17:28,119.50270080566406
2026-04-30 21:17:29,119.51858062744141
2026-04-30 21:17:30,119.52563018798828
2026-04-30 21:17:31,119.52875518798828
2026-04-30 21:17:32,119.53014373779297
2026-04-30 21:17:33,110.76155853271484
2026-04-30 21:17:34,89.75428517659505
2026-04-30 21:17:35,89.0252174964318
2026-04-30 21:17:36,88.29614981626852
2026-04-30 21:17:37,
2026-04-30 21:17:38,
2026-04-30 21:17:39,
2026-04-30 21:17:40,
2026-04-30 21:17:41,
2026-04-30 21:17:42,
2026-04-30 21:17:43,
2026-04-30 21:17:44,
2026-04-30 21:17:45,
2026-04-30 21:17:46,
2026-04-30 21:17:47,80.27640533447266
2026-04-30 21:17:48,72.85860900878906
2026-04-30 21:17:49,68.18268127441407
2026-04-30 21:17:50,65.91731567382813
2026-04-30 21:17:51,64.46923828125
2026-04-30 21:17:52,63.80836715698242
2026-04-30 21:17:53,63.515133666992185
2026-04-30 21:17:54,63.194390869140626
2026-04-30 21:17:55,62.609153747558594
2026-04-30 21:17:56,62.230933380126956
2026-04-30 21:17:57,61.569697570800784
2026-04-30 21:17:58,60.78496322631836
2026-04-30 21:17:59,60.21791076660156
2026-04-30 21:18:00,60.00146331787109
2026-04-30 21:18:01,60.398538208007814
2026-04-30 21:18:02,60.733515930175784
2026-04-30 21:18:03,61.37526245117188
2026-04-30 21:18:04,61.78364486694336
2026-04-30 21:18:05,61.964846801757815
2026-04-30 21:18:06,62.47829360961914
2026-04-30 21:18:07,62.92497329711914
2026-04-30 21:18:08,63.1231689453125
2026-04-30 21:18:09,63.2111083984375
2026-04-30 21:18:10,63.250128173828124
2026-04-30 21:18:11,77.49267578125
2026-04-30 21:18:12,98.64545249938965
2026-04-30 21:18:13,99.13717827430138
2026-04-30 21:18:14,99.62890404921312
2026-04-30 21:18:15,
2026-04-30 21:18:16,
2026-04-30 21:18:17,
2026-04-30 21:18:18,
2026-04-30 21:18:19,
2026-04-30 21:18:20,
2026-04-30 21:18:21,
2026-04-30 21:18:22,
2026-04-30 21:18:23,
2026-04-30 21:18:24,
2026-04-30 21:18:25,105.0378875732422
2026-04-30 21:18:26,109.5275665283203
2026-04-30 21:18:27,113.7887466430664
2026-04-30 21:18:28,113.80801086425781
2026-04-30 21:18:29,102.6867904663086
2026-04-30 21:18:30,96.41148681640625
2026-04-30 21:18:31,93.52690429687499
2026-04-30 21:18:32,91.75358123779297
2026-04-30 21:18:33,90.90845336914063
2026-04-30 21:18:34,90.43327331542969
2026-04-30 21:18:35,89.72901306152343
2026-04-30 21:18:36,89.35823516845703
2026-04-30 21:18:37,89.19371795654297
2026-04-30 21:18:38,89.12072448730468
2026-04-30 21:18:39,88.9881378173828
2026-04-30 21:18:40,88.4358917236328
2026-04-30 21:18:41,88.13256072998047
2026-04-30 21:18:42,87.8977783203125
2026-04-30 21:18:43,87.30018463134766
2026-04-30 21:18:44,86.9767349243164
2026-04-30 21:18:45,86.93341522216797
2026-04-30 21:18:46,87.4076141357422
2026-04-30 21:18:47,78.42409057617188
2026-04-30 21:18:48,75.09801635742187
2026-04-30 21:18:49,101.2275161743164
2026-04-30 21:18:50,114.01741790771484
2026-04-30 21:18:51,118.11624908447266
2026-04-30 21:18:52,118.28971628042368
2026-04-30 21:18:53,118.4631834763747
2026-04-30 21:18:54,
2026-04-30 21:18:55,
2026-04-30 21:18:56,
2026-04-30 21:18:57,
2026-04-30 21:18:58,
2026-04-30 21:18:59,
2026-04-30 21:19:00,
2026-04-30 21:19:01,
2026-04-30 21:19:02,
2026-04-30 21:19:03,
2026-04-30 21:19:04,120.37132263183594
2026-04-30 21:19:05,122.51162719726562
2026-04-30 21:19:06,123.46128997802734
2026-04-30 21:19:07,114.73219299316406
2026-04-30 21:19:08,89.56366729736328
2026-04-30 21:19:09,77.02225952148437
2026-04-30 21:19:10,71.33393096923828
2026-04-30 21:19:11,68.80999298095703
2026-04-30 21:19:12,67.69010620117187
2026-04-30 21:19:13,67.19320373535156
2026-04-30 21:19:14,66.9727294921875
2026-04-30 21:19:15,66.87490234375
2026-04-30 21:19:16,66.83149566650391
2026-04-30 21:19:17,66.81223602294922
2026-04-30 21:19:18,66.80369110107422
2026-04-30 21:19:19,66.79989776611328
2026-04-30 21:19:20,66.7982177734375
2026-04-30 21:19:21,66.79747009277344
2026-04-30 21:19:22,66.7971405029297
2026-04-30 21:19:23,66.79699401855468
2026-04-30 21:19:24,66.79692840576172
2026-04-30 21:19:25,66.7968978881836
2026-04-30 21:19:26,67.22993316650391
2026-04-30 21:19:27,67.64093322753907
2026-04-30 21:19:28,67.82329559326172
2026-04-30 21:19:29,67.88826370239258
2026-04-30 21:19:30,67.89030828231421
2026-04-30 21:19:31,67.89235286223582
2026-04-30 21:19:32,
2026-04-30 21:19:33,
2026-04-30 21:19:34,
2026-04-30 21:19:35,
2026-04-30 21:19:36,
2026-04-30 21:19:37,
2026-04-30 21:19:38,
2026-04-30 21:19:39,
2026-04-30 21:19:40,
2026-04-30 21:19:41,
2026-04-30 21:19:42,67.9148432413737
2026-04-30 21:19:43,68.13074951171875
2026-04-30 21:19:44,68.67418518066407
2026-04-30 21:19:45,68.93366241455078
2026-04-30 21:19:46,69.3514617919922
2026-04-30 21:19:47,93.27057342529297
2026-04-30 21:19:48,115.70214080810547
2026-04-30 21:19:49,125.6551498413086
2026-04-30 21:19:50,130.07135009765625
2026-04-30 21:19:51,132.03084411621094
2026-04-30 21:19:52,132.90028076171876
2026-04-30 21:19:53,133.2860534667969
2026-04-30 21:19:54,133.5574188232422
2026-04-30 21:19:55,134.1712432861328
2026-04-30 21:19:56,134.50189514160155
2026-04-30 21:19:57,130.26400909423828
2026-04-30 21:19:58,118.0058090209961
2026-04-30 21:19:59,111.70176849365234
2026-04-30 21:20:00,108.8862808227539
2026-04-30 21:20:01,107.5368408203125
2026-04-30 21:20:02,106.44466705322266
2026-04-30 21:20:03,105.90177154541016
2026-04-30 21:20:04,105.35821685791015
2026-04-30 21:20:05,104.7677978515625
2026-04-30 21:20:06,104.20316314697266
2026-04-30 21:20:07,103.63881492614746
2026-04-30 21:20:08,103.62324641301082
2026-04-30 21:20:09,103.60767789987418
2026-04-30 21:20:10,
2026-04-30 21:20:11,
2026-04-30 21:20:12,
2026-04-30 21:20:13,
2026-04-30 21:20:14,
2026-04-30 21:20:15,
2026-04-30 21:20:16,
2026-04-30 21:20:17,
2026-04-30 21:20:18,
2026-04-30 21:20:19,
2026-04-30 21:20:20,103.4364242553711
2026-04-30 21:20:21,103.30542297363282
2026-04-30 21:20:22,103.2050567626953
2026-04-30 21:20:23,103.1605209350586
2026-04-30 21:20:24,103.14075927734375
2026-04-30 21:20:25,103.13199310302734
2026-04-30 21:20:26,106.19900054931641
2026-04-30 21:20:27,122.32755432128906
2026-04-30 21:20:28,130.6742401123047
2026-04-30 21:20:29,122.75281982421875
2026-04-30 21:20:30,105.966796875
2026-04-30 21:20:31,98.5187484741211
2026-04-30 21:20:32,95.02337493896485
2026-04-30 21:20:33,92.56133728027343
2026-04-30 21:20:34,90.73858947753907
2026-04-30 21:20:35,89.77103424072266
2026-04-30 21:20:36,88.8486083984375
2026-04-30 21:20:37,88.31568908691406
2026-04-30 21:20:38,88.07922821044922
2026-04-30 21:20:39,87.97430877685547
2026-04-30 21:20:40,87.9277557373047
2026-04-30 21:20:41,87.90709991455078
2026-04-30 21:20:42,87.89793395996094
2026-04-30 21:20:43,87.89386749267578
2026-04-30 21:20:44,85.06119384765626
2026-04-30 21:20:45,70.47244873046876
2026-04-30 21:20:46,69.90731495448522
2026-04-30 21:20:47,69.34218117850168
2026-04-30 21:20:48,
2026-04-30 21:20:49,
2026-04-30 21:20:50,
2026-04-30 21:20:51,
2026-04-30 21:20:52,
2026-04-30 21:20:53,
2026-04-30 21:20:54,
2026-04-30 21:20:55,
2026-04-30 21:20:56,
2026-04-30 21:20:57,
2026-04-30 21:20:58,
2026-04-30 21:20:59,62.56057586669922
2026-04-30 21:21:00,59.24066925048828
2026-04-30 21:21:01,58.64726104736328
2026-04-30 21:21:02,62.29704055786133
2026-04-30 21:21:03,64.36722946166992
2026-04-30 21:21:04,65.49996643066406
2026-04-30 21:21:05,66.22142944335937
2026-04-30 21:21:06,66.97459259033204
2026-04-30 21:21:07,67.96068420410157
2026-04-30 21:21:08,68.71727447509765
2026-04-30 21:21:09,69.54639587402343
2026-04-30 21:21:10,70.1632095336914
2026-04-30 21:21:11,70.98001098632812
2026-04-30 21:21:12,74.57818145751953
2026-04-30 21:21:13,79.37619018554688
2026-04-30 21:21:14,86.27096252441406
2026-04-30 21:21:15,100.40324401855469
2026-04-30 21:21:16,107.13260498046876
2026-04-30 21:21:17,110.01826324462891
2026-04-30 21:21:18,110.805224609375
2026-04-30 21:21:19,111.06095428466797
2026-04-30 21:21:20,110.68130950927734
2026-04-30 21:21:21,109.9561767578125
2026-04-30 21:21:22,109.38040924072266
2026-04-30 21:21:23,108.63182678222657
2026-04-30 21:21:24,108.265869140625
2026-04-30 21:21:25,108.25269537705641
2026-04-30 21:21:26,108.23952161348782
2026-04-30 21:21:27,
2026-04-30 21:21:28,
2026-04-30 21:21:29,
2026-04-30 21:21:30,
2026-04-30 21:21:31,
2026-04-30 21:21:32,
2026-04-30 21:21:33,
2026-04-30 21:21:34,
2026-04-30 21:21:35,
2026-04-30 21:21:36,
2026-04-30 21:21:37,108.0946102142334
2026-04-30 21:21:38,107.64694366455078
2026-04-30 21:21:39,107.0871353149414
2026-04-30 21:21:40,106.83874206542968
2026-04-30 21:21:41,106.72853088378906
2026-04-30 21:21:42,106.57943572998047
2026-04-30 21:21:43,106.01986083984374
2026-04-30 21:21:44,105.71328125
2026-04-30 21:21:45,105.57725067138672
2026-04-30 21:21:46,108.1219696044922
2026-04-30 21:21:47,122.07996063232422
2026-04-30 21:21:48,129.78883514404296
2026-04-30 21:21:49,133.64235229492186
2026-04-30 21:21:50,135.57103881835937
2026-04-30 21:21:51,136.426806640625
2026-04-30 21:21:52,136.80651245117187
2026-04-30 21:21:53,136.9749969482422
2026-04-30 21:21:54,137.04975280761718
2026-04-30 21:21:55,137.51596069335938
2026-04-30 21:21:56,116.25003814697266
2026-04-30 21:21:57,82.2623275756836
2026-04-30 21:21:58,67.76867218017578
2026-04-30 21:21:59,61.88916702270508
2026-04-30 21:22:00,59.40403594970703
2026-04-30 21:22:01,58.301371002197264
2026-04-30 21:22:02,57.87302271525064
2026-04-30 21:22:03,57.88057752755971
2026-04-30 21:22:04,57.88813233986878
2026-04-30 21:22:05,
2026-04-30 21:22:06,
2026-04-30 21:22:07,
2026-04-30 21:22:08,
2026-04-30 21:22:09,
2026-04-30 21:22:10,
2026-04-30 21:22:11,
2026-04-30 21:22:12,
2026-04-30 21:22:13,
2026-04-30 21:22:14,
2026-04-30 21:22:15,57.971235275268555
2026-04-30 21:22:16,58.23309555053711
2026-04-30 21:22:17,58.43372573852539
2026-04-30 21:22:18,58.52274703979492
2026-04-30 21:22:19,58.86491012573242
2026-04-30 21:22:20,63.07319793701172
2026-04-30 21:22:21,83.19693145751953
2026-04-30 21:22:22,94.28280944824219
2026-04-30 21:22:23,99.20167388916016
2026-04-30 21:22:24,100.95115203857422
2026-04-30 21:22:25,101.508544921875
2026-04-30 21:22:26,101.75586242675782
2026-04-30 21:22:27,101.67496337890626
2026-04-30 21:22:28,101.19614715576172
2026-04-30 21:22:29,100.93018646240235
2026-04-30 21:22:30,100.31906280517578
2026-04-30 21:22:31,94.72771301269532
2026-04-30 21:22:32,89.6204605102539
2026-04-30 21:22:33,87.2541519165039
2026-04-30 21:22:34,85.71078948974609
2026-04-30 21:22:35,84.96769561767579
2026-04-30 21:22:36,84.63798217773437
2026-04-30 21:22:37,84.49168701171875
2026-04-30 21:22:38,84.42677459716796
2026-04-30 21:22:39,84.3979736328125
2026-04-30 21:22:40,84.42034759521485
2026-04-30 21:22:41,84.44234325702374
2026-04-30 21:22:42,84.46433891883264
2026-04-30 21:22:43,
2026-04-30 21:22:44,
2026-04-30 21:22:45,
2026-04-30 21:22:46,
2026-04-30 21:22:47,
2026-04-30 21:22:48,
2026-04-30 21:22:49,
2026-04-30 21:22:50,
2026-04-30 21:22:51,
2026-04-30 21:22:52,
2026-04-30 21:22:53,84.70629119873047
2026-04-30 21:22:54,85.11711120605469
2026-04-30 21:22:55,86.14043579101562
2026-04-30 21:22:56,87.43352661132812
2026-04-30 21:22:57,88.86798706054688
2026-04-30 21:22:58,89.9307647705078
2026-04-30 21:22:59,90.18907012939454
2026-04-30 21:23:00,82.41383819580078
2026-04-30 21:23:01,76.98574371337891
2026-04-30 21:23:02,74.50933837890625
2026-04-30 21:23:03,70.72926635742188
2026-04-30 21:23:04,68.5065414428711
2026-04-30 21:23:05,67.02719268798828
2026-04-30 21:23:06,66.24716033935547
2026-04-30 21:23:07,65.90105438232422
2026-04-30 21:23:08,65.74748840332032
2026-04-30 21:23:09,65.67934722900391
2026-04-30 21:23:10,65.64911346435547
2026-04-30 21:23:11,65.63569946289063
2026-04-30 21:23:12,65.62974700927734
2026-04-30 21:23:13,65.72730102539063
2026-04-30 21:23:14,66.26400604248047
2026-04-30 21:23:15,66.56043853759766
2026-04-30 21:23:16,66.79216156005859
2026-04-30 21:23:17,69.99347686767578
2026-04-30 21:23:18,84.49172821044922
2026-04-30 21:23:19,90.5411605834961
2026-04-30 21:23:20,90.76974120506874
2026-04-30 21:23:21,90.99832182664137
2026-04-30 21:23:22,
2026-04-30 21:23:23,
2026-04-30 21:23:24,
2026-04-30 21:23:25,
2026-04-30 21:23:26,
2026-04-30 21:23:27,
2026-04-30 21:23:28,
2026-04-30 21:23:29,
2026-04-30 21:23:30,
2026-04-30 21:23:31,
2026-04-30 21:23:32,93.51270866394043
2026-04-30 21:23:33,97.16882629394532
2026-04-30 21:23:34,99.27859344482422
2026-04-30 21:23:35,100.7081283569336
2026-04-30 21:23:36,96.55796966552734
2026-04-30 21:23:37,84.26543884277343
2026-04-30 21:23:38,78.98749084472657
2026-04-30 21:23:39,72.22930145263672
2026-04-30 21:23:40,63.992008972167966
2026-04-30 21:23:41,60.33707809448242
2026-04-30 21:23:42,58.71536636352539
2026-04-30 21:23:43,58.298468017578124
2026-04-30 21:23:44,58.89577789306641
2026-04-30 21:23:45,59.68233413696289
2026-04-30 21:23:46,60.48077163696289
2026-04-30 21:23:47,73.73770751953126
2026-04-30 21:23:48,93.56410369873046
2026-04-30 21:23:49,102.14231872558594
2026-04-30 21:23:50,105.94851837158203
2026-04-30 21:23:51,115.39669342041016
2026-04-30 21:23:52,96.26154327392578
2026-04-30 21:23:53,79.21859741210938
2026-04-30 21:23:54,72.0895980834961
2026-04-30 21:23:55,69.24547882080078
2026-04-30 21:23:56,68.47694854736328
2026-04-30 21:23:57,72.35985819498698
2026-04-30 21:23:58,72.68622276110527
2026-04-30 21:23:59,73.01258732722356
2026-04-30 21:24:00,
2026-04-30 21:24:01,
2026-04-30 21:24:02,
2026-04-30 21:24:03,
2026-04-30 21:24:04,
2026-04-30 21:24:05,
2026-04-30 21:24:06,
2026-04-30 21:24:07,
2026-04-30 21:24:08,
2026-04-30 21:24:09,
2026-04-30 21:24:10,76.60259755452473
2026-04-30 21:24:11,80.20960235595703
2026-04-30 21:24:12,82.62698516845703
2026-04-30 21:24:13,84.19300994873046
2026-04-30 21:24:14,85.24882354736329
2026-04-30 21:24:15,86.06653747558593
2026-04-30 21:24:16,86.42935791015626
2026-04-30 21:24:17,86.59034423828125
2026-04-30 21:24:18,86.66177520751953
2026-04-30 21:24:19,95.25394744873047
2026-04-30 21:24:20,112.1424575805664
2026-04-30 21:24:21,124.27584991455078
2026-04-30 21:24:22,132.06697998046874
2026-04-30 21:24:23,135.52394104003906
2026-04-30 21:24:24,137.0578186035156
2026-04-30 21:24:25,137.7384063720703
2026-04-30 21:24:26,138.04038696289064
2026-04-30 21:24:27,138.17438049316405
2026-04-30 21:24:28,138.04319763183594
2026-04-30 21:24:29,137.5420684814453
2026-04-30 21:24:30,137.30136413574218
2026-04-30 21:24:31,137.19456176757814
2026-04-30 21:24:32,137.1471740722656
2026-04-30 21:24:33,137.12615051269532
2026-04-30 21:24:34,137.21701049804688
2026-04-30 21:24:35,132.4512062072754
2026-04-30 21:24:36,131.41000659649188
2026-04-30 21:24:37,130.36880698570837
2026-04-30 21:24:38,
2026-04-30 21:24:39,
2026-04-30 21:24:40,
2026-04-30 21:24:41,
2026-04-30 21:24:42,
2026-04-30 21:24:43,
2026-04-30 21:24:44,
2026-04-30 21:24:45,
2026-04-30 21:24:46,
2026-04-30 21:24:47,
2026-04-30 21:24:48,118.91561126708984
2026-04-30 21:24:49,108.71503143310547
2026-04-30 21:24:50,100.43871154785157
2026-04-30 21:24:51,97.68919372558594
2026-04-30 21:24:52,97.43012390136718
2026-04-30 21:24:53,98.032421875
2026-04-30 21:24:54,98.88653564453125
2026-04-30 21:24:55,99.8169174194336
2026-04-30 21:24:56,100.54400634765625
2026-04-30 21:24:57,101.30954132080078
2026-04-30 21:24:58,101.66756286621094
2026-04-30 21:24:59,101.82641906738282
2026-04-30 21:25:00,101.99709930419922
2026-04-30 21:25:01,108.61954193115234
2026-04-30 21:25:02,118.60111389160156
2026-04-30 21:25:03,122.80419921875
2026-04-30 21:25:04,123.43043060302735
2026-04-30 21:25:05,122.78401489257813
2026-04-30 21:25:06,124.75658569335937
2026-04-30 21:25:07,131.38980407714843
2026-04-30 21:25:08,134.57157287597656
2026-04-30 21:25:09,135.55029296875
2026-04-30 21:25:10,135.76569519042968
2026-04-30 21:25:11,135.86127014160155
2026-04-30 21:25:12,135.80348205566406
2026-04-30 21:25:13,135.2844207763672
2026-04-30 21:25:14,131.9119110107422
2026-04-30 21:25:15,131.3934272179237
2026-04-30 21:25:16,130.87494342510516
2026-04-30 21:25:17,
2026-04-30 21:25:18,
2026-04-30 21:25:19,
2026-04-30 21:25:20,
2026-04-30 21:25:21,
2026-04-30 21:25:22,
2026-04-30 21:25:23,
2026-04-30 21:25:24,
2026-04-30 21:25:25,
2026-04-30 21:25:26,
2026-04-30 21:25:27,125.17162170410157
2026-04-30 21:25:28,119.23140411376953
2026-04-30 21:25:29,123.00619812011719
2026-04-30 21:25:30,126.28836517333984
2026-04-30 21:25:31,127.55404663085938
2026-04-30 21:25:32,127.67271270751954
2026-04-30 21:25:33,127.70701446533204
2026-04-30 21:25:34,127.68708038330078
2026-04-30 21:25:35,115.381201171875
2026-04-30 21:25:36,96.21204986572266
2026-04-30 21:25:37,88.39034423828124
2026-04-30 21:25:38,85.78903350830078
2026-04-30 21:25:39,85.00241546630859
2026-04-30 21:25:40,84.08447875976563
2026-04-30 21:25:41,78.9618637084961
2026-04-30 21:25:42,75.91535797119141
2026-04-30 21:25:43,74.12068481445313
2026-04-30 21:25:44,73.3060287475586
2026-04-30 21:25:45,72.94456024169922
2026-04-30 21:25:46,72.78417510986328
2026-04-30 21:25:47,72.7130111694336
2026-04-30 21:25:48,72.68143463134766
2026-04-30 21:25:49,72.66742706298828
2026-04-30 21:25:50,73.68073883056641
2026-04-30 21:25:51,88.86374053955078
2026-04-30 21:25:52,97.57786560058594
2026-04-30 21:25:53,97.8721182407477
2026-04-30 21:25:54,98.16637088090945
2026-04-30 21:25:55,
2026-04-30 21:25:56,
2026-04-30 21:25:57,
2026-04-30 21:25:58,
2026-04-30 21:25:59,
2026-04-30 21:26:00,
2026-04-30 21:26:01,
2026-04-30 21:26:02,
2026-04-30 21:26:03,
2026-04-30 21:26:04,
2026-04-30 21:26:05,101.4031499226888
2026-04-30 21:26:06,105.66053161621093
2026-04-30 21:26:07,109.09769744873047
2026-04-30 21:26:08,111.0905746459961
2026-04-30 21:26:09,112.46824340820312
2026-04-30 21:26:10,113.60602111816407
2026-04-30 21:26:11,113.30584106445312
2026-04-30 21:26:12,96.15958404541016
2026-04-30 21:26:13,78.01991271972656
2026-04-30 21:26:14,68.57535247802734
2026-04-30 21:26:15,64.32645416259766
2026-04-30 21:26:16,62.3410026550293
2026-04-30 21:26:17,60.96662826538086
2026-04-30 21:26:18,60.29851608276367
2026-04-30 21:26:19,60.002071380615234
2026-04-30 21:26:20,59.77034225463867
2026-04-30 21:26:21,59.17410430908203
2026-04-30 21:26:22,58.8512565612793
2026-04-30 21:26:23,58.70800628662109
2026-04-30 21:26:24,58.64444580078125
2026-04-30 21:26:25,59.04929122924805
2026-04-30 21:26:26,65.05872192382813
2026-04-30 21:26:27,95.78962707519533
2026-04-30 21:26:28,112.90841217041016
2026-04-30 21:26:29,120.9371551513672
2026-04-30 21:26:30,124.62030410766602
2026-04-30 21:26:31,124.74775666456956
2026-04-30 21:26:32,124.87520922147311
2026-04-30 21:26:33,
2026-04-30 21:26:34,
2026-04-30 21:26:35,
2026-04-30 21:26:36,
2026-04-30 21:26:37,
2026-04-30 21:26:38,
2026-04-30 21:26:39,
2026-04-30 21:26:40,
2026-04-30 21:26:41,
2026-04-30 21:26:42,
2026-04-30 21:26:43,126.27718734741211
2026-04-30 21:26:44,127.38310852050782
2026-04-30 21:26:45,128.33061981201172
2026-04-30 21:26:46,129.24445495605468
2026-04-30 21:26:47,129.70821838378907
2026-04-30 21:26:48,129.91399536132812
2026-04-30 21:26:49,118.31305389404297
2026-04-30 21:26:50,107.25638885498047
2026-04-30 21:26:51,102.04782257080078
2026-04-30 21:26:52,99.38751220703125
2026-04-30 21:26:53,98.20711822509766
2026-04-30 21:26:54,97.6482147216797
2026-04-30 21:26:55,96.90711059570313
2026-04-30 21:26:56,94.71552886962891
2026-04-30 21:26:57,90.96066436767578
2026-04-30 21:26:58,88.6240463256836
2026-04-30 21:26:59,87.03587036132812
2026-04-30 21:27:00,86.17239379882812
2026-04-30 21:27:01,85.29614868164063
2026-04-30 21:27:02,84.78372039794922
2026-04-30 21:27:03,84.2536865234375
2026-04-30 21:27:04,83.66926574707031
2026-04-30 21:27:05,83.21931915283203
2026-04-30 21:27:06,82.57675476074219
2026-04-30 21:27:07,82.2732925415039
2026-04-30 21:27:08,81.70559844970703
2026-04-30 21:27:09,81.67197363717214
2026-04-30 21:27:10,81.63834882463728
2026-04-30 21:27:11,
2026-04-30 21:27:12,
2026-04-30 21:27:13,
2026-04-30 21:27:14,
2026-04-30 21:27:15,
2026-04-30 21:27:16,
2026-04-30 21:27:17,
2026-04-30 21:27:18,
2026-04-30 21:27:19,
2026-04-30 21:27:20,
2026-04-30 21:27:21,
2026-04-30 21:27:22,81.23485107421875
2026-04-30 21:27:23,81.02597503662109
2026-04-30 21:27:24,80.93329620361328
2026-04-30 21:27:25,80.92733154296874
2026-04-30 21:27:26,81.4177978515625
2026-04-30 21:27:27,83.5168701171875
2026-04-30 21:27:28,109.10399932861328
2026-04-30 21:27:29,127.13994140625
2026-04-30 21:27:30,137.60968017578125
2026-04-30 21:27:31,142.54662475585937
2026-04-30 21:27:32,133.9573501586914
2026-04-30 21:27:33,119.27865600585938
2026-04-30 21:27:34,110.96272430419921
2026-04-30 21:27:35,107.21938934326172
2026-04-30 21:27:36,105.06533813476562
2026-04-30 21:27:37,103.79530487060546
2026-04-30 21:27:38,102.78886108398437
2026-04-30 21:27:39,94.69855499267578
2026-04-30 21:27:40,73.3919921875
2026-04-30 21:27:41,63.20408401489258
2026-04-30 21:27:42,58.493021392822264
2026-04-30 21:27:43,55.95977630615234
2026-04-30 21:27:44,54.71721496582031
2026-04-30 21:27:45,55.97695770263672
2026-04-30 21:27:46,67.79109039306641
2026-04-30 21:27:47,72.73548889160156
2026-04-30 21:27:48,72.90006461510292
2026-04-30 21:27:49,73.06464033860426
2026-04-30 21:27:50,
2026-04-30 21:27:51,
2026-04-30 21:27:52,
2026-04-30 21:27:53,
2026-04-30 21:27:54,
2026-04-30 21:27:55,
2026-04-30 21:27:56,
2026-04-30 21:27:57,
2026-04-30 21:27:58,
2026-04-30 21:27:59,
2026-04-30 21:28:00,74.87497329711914
2026-04-30 21:28:01,76.2237060546875
2026-04-30 21:28:02,76.8467803955078
2026-04-30 21:28:03,77.0230484008789
2026-04-30 21:28:04,76.91050262451172
2026-04-30 21:28:05,78.10073394775391
2026-04-30 21:28:06,91.94295654296874
2026-04-30 21:28:07,101.32281188964843
2026-04-30 21:28:08,104.99128570556641
2026-04-30 21:28:09,106.37007904052734
2026-04-30 21:28:10,109.77972412109375
2026-04-30 21:28:11,118.80391235351563
2026-04-30 21:28:12,123.1199737548828
2026-04-30 21:28:13,125.46807861328125
2026-04-30 21:28:14,126.72880706787109
2026-04-30 21:28:15,127.28820037841797
2026-04-30 21:28:16,127.53640441894531
2026-04-30 21:28:17,127.6113784790039
2026-04-30 21:28:18,126.74866943359375
2026-04-30 21:28:19,125.20894622802734
2026-04-30 21:28:20,124.02454986572266
2026-04-30 21:28:21,123.0476303100586
2026-04-30 21:28:22,111.70184783935547
2026-04-30 21:28:23,93.95072937011719
2026-04-30 21:28:24,92.94490966796874
2026-04-30 21:28:25,95.62001037597656
2026-04-30 21:28:26,95.69992476243239
2026-04-30 21:28:27,95.77983914888821
2026-04-30 21:28:28,
2026-04-30 21:28:29,
2026-04-30 21:28:30,
2026-04-30 21:28:31,
2026-04-30 21:28:32,
2026-04-30 21:28:33,
2026-04-30 21:28:34,
2026-04-30 21:28:35,
2026-04-30 21:28:36,
2026-04-30 21:28:37,
2026-04-30 21:28:38,96.65889739990234
2026-04-30 21:28:39,97.9000198364258
2026-04-30 21:28:40,98.85092468261719
2026-04-30 21:28:41,99.37304229736328
2026-04-30 21:28:42,100.09812622070312
2026-04-30 21:28:43,100.66877899169921
2026-04-30 21:28:44,101.40005798339844
2026-04-30 21:28:45,105.50973205566406
2026-04-30 21:28:46,108.76482543945312
2026-04-30 21:28:47,109.8881118774414
2026-04-30 21:28:48,110.07243041992187
2026-04-30 21:28:49,110.64732971191407
2026-04-30 21:28:50,111.0260513305664
2026-04-30 21:28:51,111.53191528320312
2026-04-30 21:28:52,113.45732879638672
2026-04-30 21:28:53,123.94472808837891
2026-04-30 21:28:54,130.61624755859376
2026-04-30 21:28:55,133.57642822265626
2026-04-30 21:28:56,134.88988037109374
2026-04-30 21:28:57,135.47266540527343
2026-04-30 21:28:58,133.65703582763672
2026-04-30 21:28:59,103.45496368408203
2026-04-30 21:29:00,82.21972351074218
2026-04-30 21:29:01,72.35460968017578
2026-04-30 21:29:02,67.65639038085938
2026-04-30 21:29:03,65.22252349853515
